#pragma once
#include <Arduino.h>

#define LOGO_WIDTH  200
#define LOGO_HEIGHT 74

const uint16_t logo_bitmap[14800] PROGMEM = {
    0x0821, 0x0821, 0x0821, 0x0821, 0x0821, 0x0821, 0x0821, 0x0821, 0x0821, 0x0821, 0x0821, 0x0821, 0x0821, 0x0821, 0x0821, 0x0821,
    0x0821, 0x0821, 0x0821, 0x0821, 0x0821, 0x0821, 0x0821, 0x0821, 0x0821, 0x0821, 0x0821, 0x0821, 0x0821, 0x0821, 0x0821, 0x0821,
    0x0821, 0x0821, 0x0821, 0x0821, 0x0821, 0x0821, 0x0821, 0x0821, 0x39C7, 0xA514, 0x7BEF, 0x0821, 0x0821, 0x0821, 0x0821, 0x0821,
    0x2104, 0x8C31, 0x39C7, 0x0821, 0x0821, 0x0821, 0x0821, 0x0821, 0x0821, 0x0821, 0x0821, 0x0821, 0x0821, 0x0821, 0x0821, 0x0821,
    0x0821, 0x0821, 0x0821, 0x0821, 0x0821, 0x0821, 0x0821, 0x0821, 0x0821, 0x0821, 0x0821, 0x0821, 0x0821, 0x0821, 0x0821, 0x0821,
    0x0821, 0x0821, 0x0821, 0x0821, 0x0821, 0x0821, 0x0821, 0x0821, 0x0821, 0x0821, 0x0821, 0x0821, 0x0821, 0x0821, 0x0821, 0x0821,
    0x0821, 0x0821, 0x0821, 0x0821, 0x0821, 0x0821, 0x0821, 0x0821, 0x0821, 0x0821, 0x0821, 0x0821, 0x0821, 0x0821, 0x0821, 0x0821,
    0x0821, 0x0821, 0x0821, 0x0821, 0x0821, 0x0821, 0x0821, 0x0821, 0x0821, 0x0821, 0x0821, 0x0821, 0x0821, 0x0821, 0x0821, 0x0821,
    0x0821, 0x0821, 0x0821, 0x0821, 0x0821, 0x0821, 0x0821, 0x0821, 0x0821, 0x0821, 0x0821, 0x0821, 0x0821, 0x0821, 0x0821, 0x0821,
    0x0821, 0x0821, 0x0821, 0x0821, 0x0821, 0x0821, 0x0821, 0x0821, 0x0821, 0x0821, 0x0821, 0x0821, 0x0821, 0x0821, 0x0821, 0x0821,
    0x0821, 0x0821, 0x0821, 0x0821, 0x0821, 0x0821, 0x0821, 0x0821, 0x0821, 0x0821, 0x0821, 0x0821, 0x0821, 0x0821, 0x0821, 0x0821,
    0x0821, 0x0821, 0x0821, 0x0821, 0x0821, 0x0821, 0x0821, 0x0821, 0x0821, 0x0821, 0x0821, 0x0821, 0x0821, 0x0821, 0x0821, 0x0821,
    0x0821, 0x0821, 0x0821, 0x0821, 0x0821, 0x0821, 0x0821, 0x0821, 0x0821, 0x0821, 0x0821, 0x0821, 0x630C, 0x8410, 0x738E, 0x738E,
    0x738E, 0x738E, 0x738E, 0x738E, 0x8410, 0x632C, 0x0821, 0x0821, 0x2925, 0x8410, 0x7BCF, 0x738E, 0x738E, 0x738E, 0x738E, 0x738E,
    0x738E, 0x8410, 0x6B2D, 0x0821, 0x0821, 0x0821, 0x0821, 0x0821, 0x1062, 0x736E, 0x8410, 0x73AE, 0x738E, 0x738E, 0x73AE, 0x8410,
    0xE71C, 0xFFFF, 0xFFFF, 0x6B2D, 0x0821, 0x1082, 0x528A, 0x94B2, 0xE73C, 0xFFFF, 0x630C, 0x0821, 0x0841, 0x0821, 0x0821, 0x0821,
    0x0821, 0x0821, 0x0821, 0x0821, 0x0821, 0x0821, 0x0821, 0x0821, 0x0821, 0x0821, 0x0821, 0x0821, 0x0821, 0x0821, 0x0821, 0x0821,
    0x0821, 0x0821, 0x0821, 0x0821, 0x0821, 0x0821, 0x0821, 0x0821, 0x0821, 0x0821, 0x0821, 0x0821, 0x0821, 0x0821, 0x0821, 0x0821,
    0x0821, 0x0821, 0x0821, 0x0821, 0x0821, 0x0821, 0x0821, 0x0821, 0x0821, 0x0821, 0x0821, 0x0821, 0x0821, 0x0821, 0x0821, 0x0821,
    0x0821, 0x0821, 0x0821, 0x0821, 0x0821, 0x0821, 0x0821, 0x0821, 0x0821, 0x0821, 0x0821, 0x0821, 0x0821, 0x0821, 0x0821, 0x0821,
    0x0821, 0x0821, 0x0821, 0x0821, 0x0821, 0x0821, 0x0821, 0x0821, 0x0821, 0x0821, 0x0821, 0x0821, 0x0821, 0x0821, 0x0821, 0x0821,
    0x0821, 0x0821, 0x0821, 0x0821, 0x0821, 0x0821, 0x0821, 0x0821, 0x0821, 0x0821, 0x0821, 0x0821, 0x0821, 0x0821, 0x0821, 0x0821,
    0x0821, 0x0821, 0x0821, 0x0821, 0x0821, 0x0821, 0x0821, 0x0821, 0x0821, 0x0821, 0x0821, 0x0821, 0x0821, 0x0821, 0x0821, 0x20E2,
    0x4A04, 0x6AE6, 0x8BC6, 0xA487, 0xB4E8, 0x3183, 0x0821, 0x0821, 0x0821, 0x0821, 0x0821, 0x0821, 0x0821, 0x0821, 0x0821, 0x0821,
    0x0821, 0x0821, 0x0821, 0x0821, 0x0821, 0x0821, 0x0821, 0x0821, 0x0821, 0x0821, 0x0821, 0x0821, 0x0821, 0x0821, 0x0821, 0x0821,
    0x0821, 0x0821, 0x0821, 0x0821, 0x5ACB, 0x9CD3, 0xF7BE, 0xFFFF, 0xFFFF, 0xFFFF, 0xFFFF, 0xFFFF, 0xA514, 0x52AA, 0x0821, 0x0821,
    0x20E4, 0x7BCF, 0xCE39, 0xFFFF, 0xFFFF, 0xFFFF, 0xFFFF, 0xFFFF, 0xFFFF, 0xA514, 0x5AEB, 0x0821, 0x0821, 0x0821, 0x0821, 0x0821,
    0x0841, 0x62EC, 0x8C71, 0xF77E, 0xFFFF, 0xFFFF, 0xFFDF, 0xAD75, 0xFFFF, 0xFFFF, 0xFFFF, 0x94B2, 0x2945, 0xB5B6, 0xFFFF, 0xFFFF,
    0xFFFF, 0xFFFF, 0x62EC, 0x0821, 0x0841, 0x0821, 0x0821, 0x0821, 0x0821, 0x0821, 0x0821, 0x0821, 0x0821, 0x0821, 0x0821, 0x0821,
    0x0821, 0x0821, 0x0821, 0x0821, 0x0821, 0x0821, 0x0821, 0x0821, 0x0821, 0x0821, 0x0821, 0x0821, 0x0821, 0x0821, 0x0821, 0x0821,
    0x0821, 0x0821, 0x0821, 0x0821, 0x0821, 0x0821, 0x0821, 0x0821, 0x0821, 0x0821, 0x0821, 0x0821, 0x0821, 0x0821, 0x0821, 0x0821,
    0x0821, 0x0821, 0x0821, 0x0821, 0x0821, 0x0821, 0x0821, 0x0821, 0x0821, 0x0821, 0x0821, 0x0821, 0x0821, 0x0821, 0x0821, 0x0821,
    0x0821, 0x0821, 0x0821, 0x0821, 0x0821, 0x0821, 0x0821, 0x0821, 0x0821, 0x0821, 0x0821, 0x0821, 0x0821, 0x0821, 0x0821, 0x0821,
    0x0821, 0x0821, 0x0821, 0x0821, 0x0821, 0x0821, 0x0821, 0x0821, 0x0821, 0x0821, 0x0821, 0x0821, 0x0821, 0x0821, 0x0821, 0x0821,
    0x0821, 0x0821, 0x0821, 0x0821, 0x0821, 0x0821, 0x0821, 0x0821, 0x0821, 0x0821, 0x0821, 0x0821, 0x0821, 0x0821, 0x0821, 0x0821,
    0x0821, 0x18C2, 0x41C4, 0x5A85, 0x7B26, 0x9C28, 0xCD89, 0xF6AB, 0xFF2B, 0xFF6B, 0xFF6B, 0xFF6B, 0xFF0C, 0x2923, 0x0821, 0x0821,
    0x0821, 0x0821, 0x0821, 0x0821, 0x0821, 0x0821, 0x0821, 0x0821, 0x0821, 0x0821, 0x0821, 0x0821, 0x0821, 0x0821, 0x0821, 0x0821,
    0x0821, 0x0821, 0x0821, 0x0821, 0x0821, 0x0821, 0x0821, 0x0821, 0x0821, 0x0821, 0x0821, 0x0821, 0x0821, 0x0821, 0x528A, 0xFFFF,
    0xFFDF, 0xFFDF, 0xFFFF, 0xA514, 0x0821, 0x0821, 0x0821, 0x0821, 0x0821, 0x0821, 0x0821, 0xBDF7, 0xFFFF, 0xFFDF, 0xFFDF, 0xFFFF,
    0x6B4D, 0x0821, 0x0821, 0x0821, 0x0821, 0x0821, 0x0821, 0x0821, 0x0821, 0x0821, 0x0821, 0x526A, 0xFFFF, 0xFFDF, 0x5ACB, 0x0821,
    0x9CF3, 0xF7BE, 0xDEDB, 0x3166, 0x1082, 0x18E3, 0x4228, 0xEF7D, 0xFFDF, 0xFFFF, 0x62EC, 0x0821, 0x0841, 0x0821, 0x0821, 0x0821,
    0x0821, 0x0821, 0x0821, 0x0821, 0x0821, 0x0821, 0x0821, 0x0821, 0x0821, 0x0821, 0x0821, 0x0821, 0x0821, 0x0821, 0x0821, 0x0821,
    0x0821, 0x0821, 0x0821, 0x0821, 0x0821, 0x0821, 0x0821, 0x0821, 0x0821, 0x0821, 0x0821, 0x0821, 0x1061, 0x2902, 0x3163, 0x3983,
    0x3983, 0x3143, 0x2903, 0x1082, 0x0821, 0x0821, 0x0821, 0x0821, 0x0821, 0x0821, 0x0821, 0x0821, 0x0821, 0x0821, 0x0821, 0x0821,
    0x0821, 0x0821, 0x0821, 0x0821, 0x0821, 0x0841, 0x3123, 0x18C2, 0x0821, 0x0821, 0x0821, 0x0821, 0x0821, 0x0821, 0x0821, 0x0821,
    0x0821, 0x0821, 0x0821, 0x0821, 0x0821, 0x0821, 0x0821, 0x0821, 0x0821, 0x0821, 0x0821, 0x0821, 0x0821, 0x0821, 0x0821, 0x0821,
    0x0821, 0x0821, 0x0821, 0x0821, 0x0821, 0x0821, 0x0821, 0x0821, 0x0821, 0x0821, 0x0821, 0x0821, 0x0821, 0x0821, 0x0821, 0x0821,
    0x0821, 0x0821, 0x0821, 0x0821, 0x1061, 0x4A04, 0x62A5, 0x93E7, 0xC549, 0xEE6A, 0xFF0B, 0xFF2C, 0xFF6B, 0xFF6B, 0xFF2B, 0xFF0B,
    0xFECA, 0xFECB, 0xFECA, 0xFF2B, 0xB4E9, 0x0821, 0x0821, 0x0821, 0x0821, 0x0821, 0x0821, 0x0821, 0x0821, 0x0821, 0x0821, 0x0821,
    0x0821, 0x0821, 0x0821, 0x0821, 0x0821, 0x0821, 0x0821, 0x0821, 0x0821, 0x0821, 0x0821, 0x0821, 0x0821, 0x0821, 0x0821, 0x0821,
    0x0821, 0x0821, 0x0821, 0x0821, 0x0821, 0x0841, 0x0821, 0xB5B6, 0xFFFF, 0xFFDF, 0xFFFF, 0xA534, 0x0821, 0x0841, 0x0821, 0x0821,
    0x0821, 0x0841, 0x0821, 0x39C7, 0xFFDF, 0xFFFF, 0xFFFF, 0xFFFF, 0x528A, 0x0841, 0x0841, 0x0821, 0x0821, 0x0821, 0x0821, 0x0821,
    0x0821, 0x0841, 0x0841, 0x4208, 0xFFFF, 0xB596, 0x0821, 0x0821, 0x0821, 0x2925, 0x1082, 0x0821, 0x0821, 0x0821, 0x0821, 0xAD75,
    0xFFFF, 0xFFFF, 0x62EC, 0x0821, 0x0841, 0x0821, 0x0821, 0x0821, 0x0821, 0x0821, 0x0821, 0x0821, 0x0821, 0x0821, 0x0821, 0x0821,
    0x0821, 0x0821, 0x0821, 0x0821, 0x0821, 0x0821, 0x0821, 0x0821, 0x0821, 0x0821, 0x0821, 0x0821, 0x0821, 0x0821, 0x0821, 0x0821,
    0x1082, 0x39A3, 0x6AE6, 0xACA8, 0xDDEA, 0xF6AB, 0xFECB, 0xFEEB, 0xFECB, 0xFECB, 0xF6AA, 0xDE0A, 0xACC8, 0x6AE6, 0x39A3, 0x18A2,
    0x0821, 0x0821, 0x0821, 0x0821, 0x0821, 0x0821, 0x0821, 0x0821, 0x0821, 0x0821, 0x0821, 0x0841, 0x0821, 0x7B46, 0xFF6B, 0x8BE7,
    0x0821, 0x0821, 0x0821, 0x0821, 0x0821, 0x0821, 0x0821, 0x0821, 0x0821, 0x0821, 0x0821, 0x0821, 0x0821, 0x0821, 0x0821, 0x0821,
    0x0821, 0x0821, 0x0821, 0x0821, 0x0821, 0x0821, 0x0821, 0x0821, 0x0821, 0x0821, 0x0821, 0x0821, 0x0821, 0x0821, 0x0821, 0x0821,
    0x0821, 0x0821, 0x0821, 0x0821, 0x0821, 0x0821, 0x0821, 0x0821, 0x0821, 0x0821, 0x0821, 0x0821, 0x2923, 0xFF2C, 0xFF8C, 0xFF8C,
    0xFF8C, 0xFF4C, 0xFF4B, 0xFEEA, 0xFECB, 0xFEEA, 0xFECB, 0xFEEB, 0xFEEB, 0xFEEB, 0xFECB, 0xFF4B, 0x6AE6, 0x0821, 0x0821, 0x0821,
    0x0821, 0x0821, 0x0821, 0x0821, 0x0821, 0x0821, 0x0821, 0x0821, 0x0821, 0x0821, 0x0821, 0x0821, 0x0821, 0x0821, 0x0821, 0x0821,
    0x0821, 0x0821, 0x0821, 0x0821, 0x0821, 0x0821, 0x0821, 0x0821, 0x0821, 0x0821, 0x0821, 0x0821, 0x0821, 0x0821, 0x0821, 0x5AAB,
    0xFFFF, 0xFFFF, 0xFFFF, 0xEF5D, 0x18A3, 0x0821, 0x0821, 0x0821, 0x0821, 0x0821, 0x0821, 0x0821, 0xC638, 0xFFFF, 0xFFDF, 0xFFFF,
    0x8C71, 0x0821, 0x0821, 0x0821, 0x0821, 0x0821, 0x0821, 0x0821, 0x0821, 0x0821, 0x0821, 0x8430, 0xFFFF, 0x52AA, 0x0821, 0x0841,
    0x0821, 0x0821, 0x0821, 0x0821, 0x0821, 0x0841, 0x0821, 0x9CD3, 0xFFFF, 0xFFFF, 0x62EC, 0x0821, 0x0841, 0x0821, 0x0821, 0x0821,
    0x0821, 0x0821, 0x0821, 0x0821, 0x0821, 0x0821, 0x0821, 0x0821, 0x0821, 0x0821, 0x0821, 0x0821, 0x0821, 0x0821, 0x0821, 0x0821,
    0x0821, 0x0821, 0x0821, 0x0821, 0x0821, 0x0821, 0x3163, 0x8BC7, 0xDE2A, 0xFF0A, 0xFF4B, 0xFF4B, 0xFF2A, 0xFEEB, 0xFEEB, 0xFF0A,
    0xFF0A, 0xFF0B, 0xFF0A, 0xFF0B, 0xFF2C, 0xFF4B, 0xFEEB, 0xE64A, 0x9C48, 0x41E4, 0x18A2, 0x0821, 0x0821, 0x0821, 0x0821, 0x0821,
    0x0821, 0x0821, 0x0821, 0x0821, 0x3983, 0xEE8B, 0xFF6C, 0x62A5, 0x0821, 0x0821, 0x0821, 0x0821, 0x0821, 0x0821, 0x0821, 0x0821,
    0x0821, 0x0821, 0x0821, 0x0821, 0x0821, 0x0821, 0x0821, 0x0821, 0x0821, 0x0821, 0x0821, 0x0821, 0x0821, 0x0821, 0x0821, 0x0821,
    0x0821, 0x0821, 0x0821, 0x0821, 0x0821, 0x0821, 0x0821, 0x0821, 0x0821, 0x0821, 0x0821, 0x0821, 0x0821, 0x0821, 0x0821, 0x0821,
    0x0821, 0x0821, 0x0821, 0x0821, 0x0841, 0x41C4, 0x41C4, 0x41A4, 0x49E4, 0x6286, 0x9C48, 0xF6AB, 0xFF0A, 0xFECB, 0xFEEB, 0xFEEB,
    0xFEEB, 0xFEEB, 0xFEEB, 0xFEEB, 0x3984, 0x0821, 0x0821, 0x0821, 0x0821, 0x0821, 0x0821, 0x0821, 0x0821, 0x0821, 0x0821, 0x0821,
    0x0821, 0x0821, 0x0821, 0x0821, 0x0821, 0x0821, 0x0821, 0x0821, 0x0821, 0x0821, 0x0821, 0x0821, 0x0821, 0x0821, 0x0821, 0x0821,
    0x0821, 0x0821, 0x0821, 0x0821, 0x0821, 0x0821, 0x0821, 0x20E4, 0xEF7D, 0xFFFF, 0xFFFF, 0xFFFF, 0x4208, 0x0821, 0x0821, 0x0821,
    0x0821, 0x0821, 0x0841, 0x0821, 0x7BCF, 0xFFFF, 0xFFDF, 0xFFFF, 0xD6BA, 0x0841, 0x0821, 0x0821, 0x0821, 0x0821, 0x0821, 0x0821,
    0x0821, 0x0821, 0x0821, 0xCE79, 0xE71C, 0x1062, 0x0821, 0x0821, 0x0821, 0x0821, 0x0821, 0x0821, 0x0821, 0x0821, 0x0821, 0x9CD3,
    0xFFFF, 0xFFFF, 0x62EC, 0x0821, 0x0841, 0x0821, 0x0821, 0x0821, 0x0821, 0x0821, 0x0821, 0x0821, 0x0821, 0x0821, 0x0821, 0x0821,
    0x0821, 0x0821, 0x0821, 0x0821, 0x0821, 0x0821, 0x0821, 0x0821, 0x0821, 0x0821, 0x0821, 0x0821, 0x41C4, 0xBD2A, 0xFEEB, 0xFF6B,
    0xFF2C, 0xFECB, 0xF6CA, 0xFEEB, 0xFF2C, 0xFF4B, 0xFF0A, 0xFEEB, 0xF6CB, 0xFEEB, 0xFEEB, 0xFF2B, 0xFF4B, 0xFF2B, 0xFEEB, 0xFF0B,
    0xFF4B, 0xFF0B, 0xE64A, 0xACC8, 0x4A24, 0x1061, 0x0821, 0x0821, 0x0821, 0x0821, 0x0821, 0x41A4, 0xE66B, 0xFF2B, 0xF6AB, 0x2902,
    0x0821, 0x0821, 0x0821, 0x0821, 0x0821, 0x0821, 0x0821, 0x0821, 0x0821, 0x0821, 0x0821, 0x1061, 0x0841, 0x0821, 0x0821, 0x0821,
    0x0821, 0x0821, 0x0821, 0x0821, 0x0821, 0x0821, 0x0821, 0x0821, 0x0821, 0x0821, 0x0821, 0x0821, 0x0821, 0x0821, 0x0821, 0x0821,
    0x0821, 0x0821, 0x0821, 0x0821, 0x0821, 0x0821, 0x0821, 0x0821, 0x0821, 0x0821, 0x0821, 0x0821, 0x0821, 0x0821, 0x0821, 0x0821,
    0x0821, 0x0821, 0x0821, 0x4A25, 0xFF0B, 0xFEEB, 0xFEEB, 0xFEEB, 0xFEEB, 0xFEEA, 0xFF2B, 0xDE0A, 0x1082, 0x0821, 0x0821, 0x0821,
    0x0821, 0x0821, 0x0821, 0x0821, 0x0821, 0x0821, 0x0821, 0x0821, 0x0821, 0x0821, 0x0821, 0x0821, 0x0821, 0x0821, 0x0821, 0x0821,
    0x0821, 0x0821, 0x0821, 0x0821, 0x0821, 0x0821, 0x0821, 0x0821, 0x0821, 0x0821, 0x0821, 0x0821, 0x0821, 0x0821, 0x0821, 0x0821,
    0x94B2, 0xFFFF, 0xFFDF, 0xFFFF, 0xA4F4, 0x0821, 0x0821, 0x0821, 0x0821, 0x0821, 0x0821, 0x0821, 0x18C3, 0xEF7D, 0xFFFF, 0xFFFF,
    0xFFDF, 0x3186, 0x0821, 0x0821, 0x0821, 0x0821, 0x0821, 0x0821, 0x0821, 0x0821, 0x3166, 0xFFFF, 0x7BCF, 0x0821, 0x0821, 0x0821,
    0x0821, 0x0821, 0x0841, 0x0821, 0x0821, 0x0821, 0x0821, 0x9CD3, 0xFFFF, 0xFFFF, 0x62EC, 0x0821, 0x0841, 0x0821, 0x0821, 0x0821,
    0x0821, 0x0821, 0x0821, 0x0821, 0x0821, 0x0821, 0x0821, 0x0821, 0x0821, 0x0821, 0x0821, 0x0821, 0x0821, 0x0821, 0x0821, 0x0821,
    0x0821, 0x0821, 0x18A2, 0xA4A9, 0xFF2B, 0xFF4B, 0xFEEB, 0xFECB, 0xFECB, 0xFF0B, 0xFF4B, 0xF6CB, 0xB509, 0x6AE6, 0x39A3, 0x3163,
    0x3143, 0x3163, 0x3983, 0x5224, 0x8BC7, 0xC569, 0xF6AB, 0xFF2B, 0xFF2B, 0xFECA, 0xFEEB, 0xFF4B, 0xFF0B, 0xDE0A, 0xA468, 0x5A64,
    0x39A3, 0x5A64, 0xAC88, 0xFECB, 0xFF0B, 0xFF2B, 0xCD6A, 0x0821, 0x0821, 0x0821, 0x0821, 0x0821, 0x0821, 0x0821, 0x0821, 0x0821,
    0x0821, 0x4A25, 0xBD49, 0xDDEA, 0xD5CA, 0x9C48, 0x2902, 0x0821, 0x0821, 0x0821, 0x0821, 0x0821, 0x0821, 0x0821, 0x0821, 0x0821,
    0x0821, 0x0821, 0x0821, 0x0821, 0x0821, 0x0821, 0x0821, 0x0821, 0x0821, 0x0821, 0x0821, 0x0821, 0x0821, 0x0821, 0x0821, 0x0821,
    0x0821, 0x0821, 0x0821, 0x0821, 0x0821, 0x0821, 0x0821, 0x0821, 0x0821, 0x0841, 0x0821, 0x1081, 0xEE4B, 0xFF0B, 0xFECB, 0xFEEB,
    0xFF0B, 0xFECB, 0xFF6B, 0x9407, 0x0821, 0x0821, 0x0821, 0x0821, 0x0821, 0x0821, 0x0821, 0x0821, 0x0821, 0x0821, 0x0821, 0x0821,
    0x0821, 0x0821, 0x0821, 0x0821, 0x0821, 0x0821, 0x0821, 0x0821, 0x0821, 0x0821, 0x0821, 0x0821, 0x0821, 0x0821, 0x0821, 0x0821,
    0x0821, 0x0821, 0x0821, 0x0821, 0x0821, 0x0821, 0x0821, 0x0821, 0x41E8, 0xFFFF, 0xFFFF, 0xFFFF, 0xF7BE, 0x2104, 0x0821, 0x0821,
    0x0821, 0x0821, 0x0821, 0x0821, 0x0821, 0xA514, 0xFFFF, 0xFFDF, 0xFFFF, 0x9CD3, 0x0821, 0x0821, 0x0821, 0x0821, 0x0821, 0x0821,
    0x0821, 0x0821, 0x94B2, 0xFFFF, 0x39E7, 0x0821, 0x0841, 0x0821, 0x0821, 0x0821, 0x0821, 0x0821, 0x0821, 0x0821, 0x0821, 0x9CD3,
    0xFFFF, 0xFFFF, 0x62EC, 0x0821, 0x0841, 0x0821, 0x0821, 0x0821, 0x0821, 0x0821, 0x0821, 0x0821, 0x0821, 0x0821, 0x0821, 0x0821,
    0x0821, 0x0821, 0x0821, 0x0821, 0x0821, 0x0821, 0x0821, 0x0821, 0x0821, 0x41E4, 0xDE2B, 0xFF4B, 0xFEEA, 0xFECB, 0xFEEB, 0xFECA,
    0xFF2B, 0xF6CB, 0x8387, 0x2923, 0x0821, 0x0821, 0x0821, 0x0821, 0x0821, 0x0821, 0x0821, 0x0821, 0x0821, 0x0821, 0x2102, 0x5A85,
    0xC549, 0xFF2C, 0xFF2B, 0xF6CA, 0xFEEA, 0xFF2B, 0xFF4B, 0xFF4B, 0xFF0B, 0xFF4B, 0xFF4B, 0xFF0B, 0xFECB, 0xFF4C, 0xACA8, 0x0821,
    0x0821, 0x0821, 0x0821, 0x0821, 0x0821, 0x0821, 0x0821, 0x0821, 0x8BE7, 0xFF4C, 0xFF4B, 0xFF0C, 0xFF2B, 0xFF6B, 0xEE8B, 0x4A05,
    0x0821, 0x0821, 0x0821, 0x0821, 0x0821, 0x0821, 0x0821, 0x0821, 0x0821, 0x0821, 0x0821, 0x0821, 0x0821, 0x0821, 0x0821, 0x0821,
    0x0821, 0x0821, 0x0821, 0x0821, 0x0821, 0x0821, 0x0821, 0x0821, 0x0821, 0x0821, 0x0821, 0x0821, 0x0821, 0x0821, 0x0821, 0x0821,
    0x0821, 0x0821, 0x0821, 0x2923, 0xF6AB, 0xFF0B, 0xFEEB, 0xFEEB, 0xFEEB, 0xFECB, 0xFF0C, 0x49E4, 0x0821, 0x0821, 0x0821, 0x0821,
    0x0821, 0x0821, 0x0821, 0x0821, 0x0821, 0x0821, 0x0821, 0x0821, 0x0821, 0x0821, 0x0821, 0x0821, 0x0821, 0x0821, 0x0821, 0x0821,
    0x0821, 0x0821, 0x0821, 0x0821, 0x0821, 0x0821, 0x0821, 0x0821, 0x0821, 0x0821, 0x0821, 0x0821, 0x0821, 0x0821, 0x0821, 0x0821,
    0x1082, 0xDEFB, 0xFFFF, 0xFFDF, 0xFFFF, 0x5ACB, 0x0821, 0x0841, 0x0821, 0x0821, 0x0821, 0x0821, 0x0821, 0xA4F4, 0xFFFF, 0xFFDF,
    0xFFFF, 0xEF5D, 0x18A3, 0x0821, 0x0821, 0x0821, 0x0821, 0x0821, 0x0821, 0x1082, 0xF77E, 0xD67A, 0x0841, 0x0821, 0x0821, 0x0821,
    0x0821, 0x2104, 0x8410, 0x3186, 0x0821, 0x0841, 0x0821, 0x9CD3, 0xFFFF, 0xFFFF, 0x62EC, 0x0821, 0x0841, 0x0821, 0x0821, 0x39C7,
    0x31A6, 0x3166, 0x3166, 0x3166, 0x39C7, 0x4208, 0x2945, 0x0821, 0x0821, 0x0821, 0x0821, 0x0821, 0x0821, 0x0821, 0x0821, 0x0821,
    0x6AE6, 0xF6EB, 0xFF2B, 0xFECB, 0xFEEA, 0xFEEA, 0xFECA, 0xFF4B, 0xCDAA, 0x3143, 0x0821, 0x0821, 0x0821, 0x0821, 0x0821, 0x0821,
    0x0821, 0x0821, 0x0821, 0x0821, 0x0821, 0x0821, 0x0821, 0x0821, 0x0821, 0x49E4, 0xB4E9, 0xFF4C, 0xFEEB, 0xFECB, 0xFEEA, 0xFEEA,
    0xFEEB, 0xFEEB, 0xFEEB, 0xFEEB, 0xFECB, 0xFF6B, 0x8386, 0x0821, 0x0821, 0x0821, 0x0821, 0x0821, 0x0821, 0x0821, 0x0821, 0x62C6,
    0xFF8C, 0xFECA, 0xFECA, 0xFEEB, 0xFECA, 0xFECB, 0xFF2B, 0xE68A, 0x20E2, 0x0821, 0x0821, 0x0821, 0x0821, 0x0821, 0x0821, 0x0821,
    0x0821, 0x0821, 0x0821, 0x0821, 0x0821, 0x0821, 0x0821, 0x0821, 0x0821, 0x0821, 0x0821, 0x0821, 0x0821, 0x0821, 0x0821, 0x0821,
    0x0821, 0x0821, 0x0821, 0x0821, 0x0821, 0x0821, 0x0821, 0x0821, 0x0821, 0x0821, 0x0821, 0x5A65, 0xFF4B, 0xFEEB, 0xFEEB, 0xFEEB,
    0xFECB, 0xFF0A, 0xEE8A, 0x20E2, 0x0821, 0x0821, 0x0821, 0x0821, 0x0821, 0x0821, 0x0821, 0x0821, 0x0821, 0x0821, 0x0821, 0x0821,
    0x0821, 0x0821, 0x0821, 0x0821, 0x0821, 0x0821, 0x0821, 0x0821, 0x0821, 0x0821, 0x0821, 0x0821, 0x0821, 0x0821, 0x0821, 0x0821,
    0x0821, 0x0821, 0x0821, 0x0821, 0x0821, 0x0821, 0x0821, 0x0821, 0x0821, 0x7BCF, 0xFFFF, 0xFFDF, 0xFFFF, 0xAD75, 0x0821, 0x0821,
    0x0821, 0x0821, 0x0821, 0x0821, 0x10A2, 0xE71C, 0xFFFF, 0xFFFF, 0xFFFF, 0xFFFF, 0x5AAB, 0x0821, 0x0821, 0x0821, 0x0821, 0x0821,
    0x0821, 0x4208, 0xFFFF, 0x6B6D, 0x0821, 0x0821, 0x18A3, 0x62EC, 0xAD35, 0xF77E, 0xFFFF, 0x528A, 0x0821, 0x0841, 0x0821, 0x9CD3,
    0xFFFF, 0xFFFF, 0x62EC, 0x0821, 0x0841, 0x0821, 0x0841, 0x7BCF, 0xE71C, 0xFFDF, 0xFFFF, 0xFFDF, 0xB576, 0x8C51, 0x528A, 0x0821,
    0x0821, 0x0821, 0x0821, 0x0821, 0x0821, 0x0821, 0x0821, 0x6285, 0xFF4B, 0xFF0B, 0xFEEA, 0xFEEB, 0xFEEB, 0xFECA, 0xFF4C, 0xC56A,
    0x1882, 0x0821, 0x0841, 0x0821, 0x0821, 0x0821, 0x0821, 0x0821, 0x0821, 0x0821, 0x0821, 0x0821, 0x0821, 0x0821, 0x0821, 0x0821,
    0x0821, 0x0821, 0x0821, 0x62A5, 0xEEAB, 0xFF4B, 0xFECB, 0xFF0B, 0xFEEA, 0xFEEB, 0xFEEB, 0xFEEB, 0xFEEB, 0xFF0B, 0x41A4, 0x0821,
    0x0821, 0x0821, 0x0821, 0x0821, 0x0821, 0x0821, 0x0841, 0xD5C9, 0xFF2B, 0xFEEB, 0xFEEB, 0xFEEB, 0xFEEB, 0xFEEB, 0xF6CA, 0xFF6C,
    0x93E7, 0x0821, 0x0821, 0x0821, 0x0821, 0x0821, 0x0821, 0x0821, 0x0821, 0x0821, 0x0821, 0x0821, 0x0821, 0x0821, 0x0821, 0x0821,
    0x0821, 0x0821, 0x0821, 0x0821, 0x0821, 0x0821, 0x0821, 0x0821, 0x0821, 0x0821, 0x0821, 0x0821, 0x0821, 0x0821, 0x0821, 0x0821,
    0x0821, 0x0821, 0x0821, 0x9C48, 0xFF4B, 0xFECB, 0xFEEB, 0xFEEB, 0xFEEB, 0xFF4B, 0xC54A, 0x0821, 0x0821, 0x0821, 0x0821, 0x0821,
    0x0821, 0x0821, 0x0821, 0x0821, 0x0821, 0x0821, 0x0821, 0x0821, 0x0821, 0x0821, 0x0821, 0x0821, 0x0821, 0x0821, 0x0821, 0x0821,
    0x0821, 0x0821, 0x0821, 0x0821, 0x0821, 0x0821, 0x0821, 0x0821, 0x0821, 0x0821, 0x0821, 0x0821, 0x0821, 0x0821, 0x0821, 0x0821,
    0x0821, 0x2925, 0xFFDF, 0xFFFF, 0xFFFF, 0xFFDF, 0x31A6, 0x0821, 0x0821, 0x0821, 0x0841, 0x0821, 0x736E, 0xFFFF, 0xDEDB, 0xFFFF,
    0xFFFF, 0xFFFF, 0xC618, 0x0841, 0x0821, 0x0821, 0x0821, 0x0821, 0x0821, 0xA514, 0xFFFF, 0x3166, 0x0821, 0x39A7, 0xBDD7, 0xFFFF,
    0xFFFF, 0xFFFF, 0xFFDF, 0x4A69, 0x0821, 0x0841, 0x0821, 0x9CD3, 0xFFFF, 0xFFFF, 0x62EC, 0x0821, 0x0841, 0x0821, 0x0821, 0x0821,
    0xAD55, 0xFFFF, 0xB596, 0x39C7, 0x0821, 0x0821, 0x0821, 0x0821, 0x0821, 0x0821, 0x0821, 0x0821, 0x0821, 0x0821, 0x49E4, 0xF70C,
    0xFEEA, 0xFEEB, 0xFEEB, 0xFEEB, 0xFEEB, 0xFF2C, 0xD5EA, 0x18A2, 0x0821, 0x0821, 0x0821, 0x0821, 0x0821, 0x0821, 0x0821, 0x0821,
    0x0821, 0x0821, 0x0821, 0x0821, 0x0821, 0x0821, 0x0821, 0x0821, 0x0821, 0x0821, 0x0821, 0x0821, 0x39A3, 0xD60A, 0xFF2B, 0xFECB,
    0xFEEB, 0xFEEB, 0xFEEB, 0xFEEA, 0xFF2B, 0xDE0A, 0x1061, 0x0821, 0x0821, 0x0821, 0x0821, 0x0821, 0x0821, 0x0821, 0x20E2, 0xFECB,
    0xFF0B, 0xFEEB, 0xFEEB, 0xFEEB, 0xFEEA, 0xFEEB, 0xF6EB, 0xFF4B, 0xB508, 0x0821, 0x0821, 0x0821, 0x0821, 0x0821, 0x0821, 0x0821,
    0x0821, 0x0821, 0x0821, 0x0821, 0x0821, 0x0821, 0x0821, 0x0821, 0x0821, 0x0821, 0x0821, 0x0821, 0x0821, 0x0821, 0x0821, 0x0821,
    0x0821, 0x0821, 0x0821, 0x0821, 0x0821, 0x0821, 0x0821, 0x0821, 0x0821, 0x0821, 0x0841, 0xD5CA, 0xFF2B, 0xFEEB, 0xFEEB, 0xFEEA,
    0xFECB, 0xFF4C, 0x7306, 0x0821, 0x0821, 0x0821, 0x0821, 0x0821, 0x0821, 0x0821, 0x0821, 0x0821, 0x0821, 0x0821, 0x0821, 0x0821,
    0x0821, 0x0821, 0x0821, 0x0821, 0x0821, 0x0821, 0x0821, 0x0821, 0x0821, 0x0821, 0x0821, 0x0821, 0x0821, 0x0821, 0x0821, 0x0821,
    0x0821, 0x0821, 0x0821, 0x0821, 0x0821, 0x0821, 0x0821, 0x0821, 0x0821, 0x0841, 0xCE79, 0xFFFF, 0xFFDF, 0xFFFF, 0x8C51, 0x0821,
    0x0841, 0x0821, 0x0821, 0x0821, 0xC618, 0xEF5D, 0x4A49, 0xFFDF, 0xFFFF, 0xFFFF, 0xFFFF, 0x3166, 0x0821, 0x0821, 0x0821, 0x0821,
    0x18C3, 0xF7BE, 0xCE59, 0x0821, 0x0821, 0x1082, 0x10A2, 0x52AA, 0xFFDF, 0xFFFF, 0xFFFF, 0x526A, 0x0821, 0x0841, 0x0821, 0x9CD3,
    0xFFFF, 0xFFFF, 0x62EC, 0x0821, 0x0841, 0x0841, 0x0821, 0x6B2D, 0xFFFF, 0xA514, 0x0821, 0x0821, 0x0821, 0x0841, 0x0821, 0x0821,
    0x0821, 0x0821, 0x0821, 0x0821, 0x0821, 0x18C2, 0xDE2B, 0xFF2B, 0xFECA, 0xFEEB, 0xFEEB, 0xFEEB, 0xFEEA, 0xFF2B, 0x4A05, 0x0821,
    0x0841, 0x0821, 0x0821, 0x0821, 0x0821, 0x0821, 0x0821, 0x0821, 0x0821, 0x0821, 0x0821, 0x0821, 0x0821, 0x0821, 0x0821, 0x0821,
    0x0821, 0x0821, 0x0821, 0x0841, 0x0821, 0x3143, 0xE66A, 0xFF2B, 0xFECB, 0xFF0A, 0xFEEB, 0xFECB, 0xFF4C, 0xA487, 0x0821, 0x0821,
    0x0821, 0x0821, 0x0821, 0x0821, 0x0821, 0x0821, 0x20E2, 0xF6CB, 0xFEEB, 0xFEEB, 0xFEEB, 0xFEEB, 0xFEEB, 0xFEEB, 0xFEEB, 0xFF4B,
    0xB509, 0x0821, 0x0821, 0x0821, 0x0821, 0x0821, 0x0821, 0x0821, 0x0821, 0x0821, 0x0821, 0x0821, 0x0821, 0x0821, 0x0821, 0x0821,
    0x0821, 0x0821, 0x0821, 0x0821, 0x0821, 0x0821, 0x0821, 0x0821, 0x0821, 0x0821, 0x0821, 0x0821, 0x0821, 0x0821, 0x0821, 0x0821,
    0x0821, 0x0821, 0x20E3, 0xF68B, 0xFF0A, 0xFEEB, 0xFEEB, 0xFEEA, 0xFF0B, 0xF6CB, 0x2923, 0x0821, 0x0821, 0x0821, 0x0821, 0x0821,
    0x0821, 0x0821, 0x0821, 0x0821, 0x0821, 0x0821, 0x0821, 0x0821, 0x0821, 0x0821, 0x0821, 0x0821, 0x0821, 0x0821, 0x0821, 0x0821,
    0x0821, 0x0821, 0x0821, 0x0821, 0x0821, 0x0821, 0x0821, 0x0821, 0x0821, 0x0821, 0x0821, 0x0821, 0x0821, 0x0821, 0x0821, 0x0821,
    0x0841, 0x0821, 0x6B4D, 0xFFFF, 0xFFDF, 0xFFFF, 0xC618, 0x0821, 0x0821, 0x0821, 0x0821, 0x18C3, 0xF7BE, 0x9492, 0x0821, 0xBDD7,
    0xFFFF, 0xFFDF, 0xFFFF, 0x73AE, 0x0821, 0x0821, 0x0821, 0x0821, 0x526A, 0xFFFF, 0x62EC, 0x0821, 0x0821, 0x0821, 0x0821, 0x0821,
    0xC618, 0xFFFF, 0xFFFF, 0x526A, 0x0821, 0x0841, 0x0821, 0x9CD3, 0xFFFF, 0xFFFF, 0x62EC, 0x0821, 0x0841, 0x0821, 0x6B4D, 0xFFFF,
    0x8C51, 0x0821, 0x0821, 0x0821, 0x0821, 0x0821, 0x0821, 0x0821, 0x0821, 0x0821, 0x0821, 0x0821, 0x0821, 0x9407, 0xFF8C, 0xFECA,
    0xFF0B, 0xFEEB, 0xFEEB, 0xFECB, 0xFF4C, 0xA488, 0x0821, 0x0821, 0x0821, 0x0821, 0x0821, 0x0821, 0x0821, 0x0821, 0x0821, 0x0821,
    0x0821, 0x0821, 0x0821, 0x0821, 0x0821, 0x0821, 0x0821, 0x0821, 0x0821, 0x0821, 0x0821, 0x0821, 0x0841, 0x0821, 0x39A4, 0xF6EB,
    0xFEEA, 0xFEEA, 0xFEEB, 0xFECB, 0xFF6C, 0x6AE5, 0x0821, 0x0821, 0x0821, 0x0821, 0x0821, 0x0821, 0x0821, 0x0821, 0x0821, 0xCD89,
    0xFF2B, 0xFECB, 0xFEEB, 0xFEEB, 0xFEEB, 0xFF0B, 0xFECA, 0xFF6B, 0x8BC7, 0x0821, 0x0821, 0x0821, 0x0821, 0x0821, 0x0821, 0x0821,
    0x0821, 0x0821, 0x0821, 0x0821, 0x0821, 0x0821, 0x0821, 0x0821, 0x0821, 0x0821, 0x0821, 0x0821, 0x0821, 0x0821, 0x0821, 0x0821,
    0x0821, 0x0821, 0x0821, 0x0821, 0x0821, 0x0821, 0x0821, 0x0821, 0x0821, 0x0821, 0x5A85, 0xFF4B, 0xFEEB, 0xFEEB, 0xFF0A, 0xFEEB,
    0xFF2B, 0xDE0A, 0x1061, 0x0821, 0x0821, 0x0821, 0x0821, 0x0821, 0x0821, 0x0821, 0x0821, 0x0821, 0x0821, 0x0821, 0x0821, 0x0821,
    0x0821, 0x0821, 0x0821, 0x0821, 0x0821, 0x0821, 0x0821, 0x0821, 0x0821, 0x0821, 0x0821, 0x0821, 0x0821, 0x0821, 0x0821, 0x0821,
    0x0821, 0x0821, 0x0821, 0x0821, 0x0821, 0x0821, 0x0821, 0x0821, 0x0821, 0x0821, 0x18C3, 0xEF7D, 0xFFFF, 0xFFFF, 0xFFDF, 0x39C7,
    0x0821, 0x0841, 0x0821, 0x7BAE, 0xFFFF, 0x4A29, 0x0821, 0x6B4D, 0xFFFF, 0xFFDF, 0xFFFF, 0xDEFB, 0x1082, 0x0821, 0x0821, 0x0821,
    0xAD75, 0xF79E, 0x1082, 0x0821, 0x0821, 0x0821, 0x0841, 0x0821, 0xAD55, 0xFFFF, 0xFFFF, 0x526A, 0x0821, 0x0841, 0x0821, 0x9CD3,
    0xFFFF, 0xFFFF, 0x630C, 0x0821, 0x0821, 0x7BCF, 0xFFFF, 0x73AE, 0x0821, 0x0821, 0x0821, 0x0821, 0x0821, 0x0821, 0x0821, 0x0821,
    0x0821, 0x0821, 0x0821, 0x0821, 0x2923, 0xF6AB, 0xFEEA, 0xFEEB, 0xFEEB, 0xFEEB, 0xFEEB, 0xFECA, 0xFF4C, 0x5225, 0x0821, 0x0821,
    0x0821, 0x0821, 0x0821, 0x0821, 0x0821, 0x0821, 0x0821, 0x0821, 0x0821, 0x0821, 0x0821, 0x0821, 0x0821, 0x0821, 0x0821, 0x0821,
    0x0821, 0x0821, 0x0821, 0x0821, 0x0821, 0x0841, 0x0821, 0x7326, 0xFF4B, 0xFECB, 0xFEEB, 0xFEEA, 0xFF2B, 0x4A04, 0x0821, 0x0821,
    0x0821, 0x0821, 0x0821, 0x0821, 0x0821, 0x0821, 0x0821, 0x62C5, 0xFF8C, 0xFEEA, 0xFECB, 0xFEEA, 0xFECA, 0xF6CA, 0xFF2C, 0xE66A,
    0x18C2, 0x0821, 0x0821, 0x0821, 0x0821, 0x0821, 0x0821, 0x0821, 0x0821, 0x0821, 0x0821, 0x0821, 0x0821, 0x0821, 0x0821, 0x0821,
    0x0821, 0x0821, 0x0821, 0x0821, 0x0821, 0x0821, 0x0821, 0x0821, 0x0821, 0x0821, 0x0821, 0x0821, 0x0821, 0x0821, 0x0821, 0x0821,
    0x0821, 0x0821, 0xACC9, 0xFF4B, 0xFECB, 0xFEEB, 0xFF0A, 0xFECB, 0xFF4B, 0xA488, 0x0821, 0x0821, 0x0821, 0x0821, 0x0821, 0x0821,
    0x0821, 0x0821, 0x0821, 0x0821, 0x0821, 0x0821, 0x0821, 0x0821, 0x0821, 0x0821, 0x0821, 0x0821, 0x0821, 0x0821, 0x0821, 0x0821,
    0x0821, 0x0821, 0x0821, 0x0821, 0x0821, 0x0821, 0x0821, 0x0821, 0x0821, 0x0821, 0x0821, 0x0821, 0x0821, 0x0821, 0x0821, 0x0821,
    0x0821, 0x0821, 0x0821, 0xBDB7, 0xFFFF, 0xFFDF, 0xFFFF, 0x9CD3, 0x0821, 0x0821, 0x0821, 0xD69A, 0xE71C, 0x1062, 0x0821, 0x2104,
    0xEF7D, 0xFFFF, 0xFFFF, 0xFFFF, 0x4A69, 0x0821, 0x0821, 0x2104, 0xFFDF, 0xBDB7, 0x0821, 0x0821, 0x0821, 0x0821, 0x0821, 0x0821,
    0xAD55, 0xFFFF, 0xFFFF, 0x526A, 0x0821, 0x0841, 0x0821, 0x9CD3, 0xFFFF, 0xFFFF, 0x630C, 0x0821, 0x8C51, 0xFFFF, 0x6B4D, 0x0821,
    0x0841, 0x0821, 0x0821, 0x0821, 0x0821, 0x0821, 0x0821, 0x0821, 0x0821, 0x0821, 0x0821, 0x0821, 0x8BA7, 0xFF6C, 0xFEEA, 0xFEEB,
    0xFEEB, 0xFEEB, 0xFEEB, 0xFF0B, 0xFECB, 0x2923, 0x0821, 0x0821, 0x0821, 0x0821, 0x0821, 0x0821, 0x0821, 0x0821, 0x0821, 0x0821,
    0x0821, 0x0821, 0x0821, 0x0821, 0x0821, 0x0821, 0x0821, 0x0821, 0x0821, 0x0821, 0x0821, 0x0821, 0x0821, 0x0821, 0x0821, 0x1082,
    0xDE0A, 0xFF2B, 0xFECA, 0xFF0B, 0xF6AB, 0x20E2, 0x0821, 0x0821, 0x0821, 0x0821, 0x0821, 0x0821, 0x0821, 0x0821, 0x0821, 0x0821,
    0x8BA7, 0xFF4C, 0xFF4B, 0xFF2B, 0xFF2B, 0xFF6B, 0xEEAB, 0x49E5, 0x0821, 0x0821, 0x0821, 0x0821, 0x0821, 0x0821, 0x0821, 0x0821,
    0x0821, 0x0821, 0x0821, 0x0821, 0x0821, 0x0821, 0x0821, 0x0821, 0x0821, 0x0821, 0x0821, 0x0821, 0x0821, 0x0821, 0x0821, 0x0821,
    0x0821, 0x0821, 0x0821, 0x0821, 0x0821, 0x0821, 0x0821, 0x0821, 0x0821, 0x18A2, 0xE64B, 0xFF0B, 0xFEEA, 0xFEEB, 0xFEEB, 0xFEEA,
    0xFF2C, 0x5224, 0x0821, 0x0821, 0x0821, 0x0821, 0x0821, 0x0821, 0x0821, 0x0821, 0x0821, 0x0821, 0x0821, 0x0821, 0x0821, 0x0821,
    0x0821, 0x0821, 0x0821, 0x0821, 0x0821, 0x0821, 0x0821, 0x0821, 0x0821, 0x0821, 0x0821, 0x0821, 0x0821, 0x0821, 0x0821, 0x0821,
    0x0821, 0x0821, 0x0821, 0x0821, 0x0821, 0x0821, 0x0821, 0x0821, 0x0821, 0x0821, 0x0821, 0x526A, 0xFFFF, 0xFFDF, 0xFFFF, 0xD6BA,
    0x0841, 0x0821, 0x2925, 0xFFFF, 0x73AE, 0x0821, 0x0841, 0x0821, 0x8C71, 0xFFFF, 0xFFDF, 0xFFFF, 0xA4F4, 0x0821, 0x0821, 0x630C,
    0xFFFF, 0x528A, 0x0821, 0x0821, 0x0821, 0x0821, 0x0821, 0x0821, 0xAD55, 0xFFFF, 0xFFFF, 0x526A, 0x0821, 0x0841, 0x0821, 0x9CD3,
    0xFFFF, 0xFFFF, 0x5ACB, 0x7BCF, 0xFFFF, 0x8410, 0x0821, 0x0841, 0x0821, 0x0821, 0x0821, 0x0821, 0x0821, 0x0821, 0x0821, 0x0821,
    0x0821, 0x0821, 0x0821, 0x0821, 0xBD29, 0xFF4B, 0xFEEA, 0xFEEB, 0xFEEB, 0xFEEB, 0xFECB, 0xFF2B, 0xDE29, 0x1082, 0x0821, 0x0821,
    0x0821, 0x0821, 0x0821, 0x0821, 0x0821, 0x0821, 0x0821, 0x0821, 0x0821, 0x0821, 0x0821, 0x0821, 0x0821, 0x0821, 0x0821, 0x0821,
    0x0821, 0x0821, 0x0821, 0x0821, 0x0821, 0x0821, 0x0821, 0x0821, 0x6AE5, 0xFF4B, 0xFECB, 0xFF2B, 0xC569, 0x0821, 0x0821, 0x0821,
    0x0821, 0x0821, 0x0821, 0x0821, 0x0821, 0x0821, 0x0821, 0x0821, 0x0821, 0x4A04, 0xA4A8, 0xDE0A, 0xCDAA, 0x8BC7, 0x2923, 0x0821,
    0x0821, 0x0821, 0x0821, 0x0821, 0x0821, 0x0821, 0x0821, 0x0821, 0x0821, 0x0821, 0x0821, 0x0821, 0x0821, 0x0821, 0x0821, 0x0821,
    0x0821, 0x0821, 0x0821, 0x0821, 0x0821, 0x0821, 0x0821, 0x0821, 0x0821, 0x0821, 0x0821, 0x0821, 0x0821, 0x0821, 0x0821, 0x0821,
    0x0821, 0x39A3, 0xFEEB, 0xFEEB, 0xFEEB, 0xFEEB, 0xFEEB, 0xFF2B, 0xEE4B, 0x18A2, 0x0821, 0x0821, 0x0821, 0x0821, 0x0821, 0x0821,
    0x0821, 0x0821, 0x0821, 0x0821, 0x0821, 0x0821, 0x0821, 0x0821, 0x0821, 0x0821, 0x0821, 0x0821, 0x0821, 0x0821, 0x0821, 0x0821,
    0x0821, 0x0821, 0x0821, 0x0821, 0x0821, 0x0821, 0x0821, 0x0821, 0x0821, 0x0821, 0x0821, 0x0821, 0x0821, 0x0821, 0x0821, 0x0821,
    0x0821, 0x0821, 0x0821, 0x0841, 0xDEFB, 0xFFFF, 0xFFFF, 0xFFFF, 0x526A, 0x0821, 0x8C71, 0xFFFF, 0x3166, 0x0821, 0x0841, 0x0821,
    0x3186, 0xFFDF, 0xFFFF, 0xFFFF, 0xF7BE, 0x3166, 0x0821, 0xBDF7, 0xE73C, 0x0841, 0x0821, 0x0821, 0x0821, 0x0821, 0x0821, 0x0821,
    0xAD55, 0xFFFF, 0xFFFF, 0x526A, 0x0821, 0x0841, 0x0821, 0x9CD3, 0xFFFF, 0xFFDF, 0xB5B6, 0xFFFF, 0xFFFF, 0xD6BA, 0x2945, 0x0821,
    0x0821, 0x0821, 0x0821, 0x0821, 0x0821, 0x0821, 0x0821, 0x0821, 0x0821, 0x0821, 0x0821, 0x18A2, 0xEE6A, 0xFF0B, 0xFEEB, 0xFEEB,
    0xFEEB, 0xFEEB, 0xFECA, 0xFF2B, 0xDDEA, 0x1061, 0x0821, 0x0821, 0x0821, 0x0821, 0x0821, 0x0821, 0x0821, 0x0821, 0x0821, 0x0821,
    0x0821, 0x0821, 0x0821, 0x0821, 0x0821, 0x0821, 0x0821, 0x0821, 0x0821, 0x0821, 0x0821, 0x0821, 0x0821, 0x0821, 0x0821, 0x0821,
    0x3163, 0xFEEB, 0xFECA, 0xFF6B, 0x8386, 0x0821, 0x0821, 0x0821, 0x0821, 0x0821, 0x0821, 0x0821, 0x0821, 0x0821, 0x0821, 0x0821,
    0x0821, 0x0821, 0x0821, 0x1061, 0x0821, 0x0821, 0x0821, 0x0821, 0x0821, 0x0821, 0x0821, 0x0821, 0x0821, 0x0821, 0x0821, 0x0821,
    0x0821, 0x0821, 0x0821, 0x0821, 0x0821, 0x0821, 0x0821, 0x0821, 0x0821, 0x0821, 0x0821, 0x0821, 0x0821, 0x0821, 0x0821, 0x0821,
    0x0821, 0x0821, 0x0821, 0x0821, 0x0821, 0x0821, 0x0821, 0x0821, 0x0821, 0x7B86, 0xFF4B, 0xFECB, 0xFEEB, 0xFEEB, 0xFECB, 0xFF4B,
    0xC549, 0x0821, 0x0821, 0x0821, 0x0821, 0x0821, 0x0821, 0x0821, 0x0821, 0x0821, 0x0821, 0x0821, 0x0821, 0x0821, 0x0821, 0x0821,
    0x0821, 0x0821, 0x0821, 0x0821, 0x0821, 0x0821, 0x0821, 0x0821, 0x0821, 0x0821, 0x0821, 0x0821, 0x0821, 0x0821, 0x0821, 0x0821,
    0x0821, 0x0821, 0x0821, 0x0821, 0x0821, 0x0821, 0x0821, 0x0821, 0x0821, 0x0821, 0x0821, 0x0821, 0x9CF3, 0xFFFF, 0xFFDF, 0xFFFF,
    0xAD55, 0x0821, 0xEF5D, 0xCE79, 0x0841, 0x0821, 0x0821, 0x0821, 0x0841, 0xD69A, 0xFFFF, 0xFFDF, 0xFFFF, 0x630C, 0x20E4, 0xFFFF,
    0xA534, 0x0821, 0x0821, 0x0821, 0x0821, 0x0821, 0x0821, 0x0821, 0xAD55, 0xFFFF, 0xFFFF, 0x526A, 0x0821, 0x0841, 0x0821, 0x9CD3,
    0xFFFF, 0xFFFF, 0x736E, 0xCE39, 0xFFFF, 0xFFFF, 0xC618, 0x1062, 0x0821, 0x0821, 0x0821, 0x0821, 0x0821, 0x0821, 0x0821, 0x0821,
    0x0821, 0x0821, 0x0821, 0x41C4, 0xFF0B, 0xFEEB, 0xFEEB, 0xFEEB, 0xFEEB, 0xFEEB, 0xFEEB, 0xFF0B, 0xEE6B, 0x18C2, 0x0821, 0x0821,
    0x0821, 0x0821, 0x0821, 0x0821, 0x0821, 0x0821, 0x0821, 0x0821, 0x0821, 0x0821, 0x0821, 0x0821, 0x0821, 0x0821, 0x0821, 0x0821,
    0x0821, 0x0821, 0x0821, 0x0821, 0x0821, 0x0821, 0x0821, 0x0821, 0x18A2, 0xE62B, 0xFF0A, 0xFF2B, 0x4A04, 0x0821, 0x0821, 0x0821,
    0x0821, 0x0821, 0x0821, 0x0821, 0x0821, 0x0821, 0x0821, 0x0821, 0x0821, 0x0821, 0x0821, 0x0821, 0x0821, 0x0821, 0x0821, 0x0821,
    0x0821, 0x0821, 0x0821, 0x0821, 0x0821, 0x0821, 0x0821, 0x0821, 0x0821, 0x0821, 0x0821, 0x0821, 0x0821, 0x0821, 0x0821, 0x0821,
    0x0821, 0x0821, 0x0821, 0x0821, 0x0821, 0x0821, 0x0821, 0x0821, 0x0821, 0x0821, 0x0821, 0x0821, 0x0821, 0x0821, 0x0821, 0x0821,
    0x0841, 0xCDAA, 0xFF2B, 0xFECA, 0xFEEB, 0xFEEB, 0xFECB, 0xFF6B, 0x83A6, 0x0821, 0x0821, 0x0821, 0x0821, 0x0821, 0x0821, 0x0821,
    0x0821, 0x0821, 0x0821, 0x0821, 0x0821, 0x0821, 0x0821, 0x0821, 0x0821, 0x0821, 0x0821, 0x0821, 0x0821, 0x0821, 0x0821, 0x0821,
    0x0821, 0x0821, 0x0821, 0x0821, 0x0821, 0x0821, 0x0821, 0x0821, 0x0821, 0x0821, 0x0821, 0x0821, 0x0821, 0x0821, 0x0821, 0x0821,
    0x0821, 0x0821, 0x0821, 0x0821, 0x39A7, 0xFFDF, 0xFFFF, 0xFFFF, 0xD6BA, 0x4A29, 0xFFFF, 0x62EC, 0x0821, 0x0821, 0x0821, 0x0821,
    0x0821, 0x6B4D, 0xFFFF, 0xFFDF, 0xFFFF, 0xB576, 0x73AE, 0xFFFF, 0x4A29, 0x0821, 0x0821, 0x0821, 0x0821, 0x0821, 0x0821, 0x0821,
    0xAD55, 0xFFFF, 0xFFFF, 0x526A, 0x0821, 0x0841, 0x0821, 0x9CD3, 0xFFFF, 0xFFFF, 0x528A, 0x2925, 0xF79E, 0xFFFF, 0xFFFF, 0x94B2,
    0x0821, 0x0841, 0x0821, 0x0821, 0x0821, 0x0821, 0x0821, 0x0821, 0x0821, 0x0821, 0x0821, 0x5A64, 0xFF4B, 0xFECB, 0xFEEB, 0xFEEB,
    0xFEEB, 0xFEEB, 0xFEEB, 0xFEEB, 0xFEEB, 0x3183, 0x0821, 0x0821, 0x0821, 0x0821, 0x0821, 0x0821, 0x0821, 0x0821, 0x0821, 0x0821,
    0x0821, 0x0821, 0x0821, 0x0821, 0x0821, 0x0821, 0x0821, 0x0821, 0x0821, 0x0821, 0x0821, 0x0821, 0x0821, 0x0821, 0x0821, 0x0821,
    0x0821, 0xC549, 0xFF4B, 0xF6CB, 0x2923, 0x0821, 0x0821, 0x0821, 0x0821, 0x0821, 0x0821, 0x0821, 0x0821, 0x0821, 0x0821, 0x0821,
    0x0821, 0x0821, 0x0821, 0x0821, 0x0821, 0x0821, 0x0821, 0x0821, 0x0821, 0x0821, 0x0821, 0x0821, 0x0821, 0x0821, 0x0821, 0x0821,
    0x0821, 0x0821, 0x0821, 0x0821, 0x0821, 0x0821, 0x0821, 0x0821, 0x0821, 0x0821, 0x0821, 0x0821, 0x0821, 0x0821, 0x0821, 0x0821,
    0x0821, 0x0821, 0x0821, 0x0821, 0x0821, 0x0821, 0x0821, 0x0821, 0x3143, 0xFEEB, 0xFEEB, 0xFEEB, 0xFEEB, 0xFEEB, 0xFEEB, 0xF6EB,
    0x3143, 0x0821, 0x0821, 0x0821, 0x0821, 0x0821, 0x0821, 0x0821, 0x0821, 0x0821, 0x0821, 0x0821, 0x0821, 0x0821, 0x0821, 0x0821,
    0x0821, 0x0821, 0x0821, 0x0821, 0x0821, 0x0821, 0x0821, 0x0821, 0x0821, 0x0821, 0x0821, 0x0821, 0x0821, 0x0821, 0x0821, 0x0821,
    0x0821, 0x0821, 0x0821, 0x0821, 0x0821, 0x0821, 0x0821, 0x0821, 0x0821, 0x0821, 0x0821, 0x0821, 0x0821, 0xC638, 0xFFFF, 0xFFFF,
    0xF7BE, 0xDEFB, 0xF79E, 0x2104, 0x0821, 0x0821, 0x0821, 0x0821, 0x0821, 0x18A3, 0xEF5D, 0xFFFF, 0xFFFF, 0xF7BE, 0xEF5D, 0xD69A,
    0x0821, 0x0821, 0x0821, 0x0821, 0x0821, 0x0821, 0x0821, 0x0821, 0xAD55, 0xFFFF, 0xFFFF, 0x526A, 0x0821, 0x0841, 0x0821, 0x9CD3,
    0xFFFF, 0xFFFF, 0x630C, 0x0821, 0x6B4D, 0xFFFF, 0xFFDF, 0xFFFF, 0x6B4D, 0x0821, 0x0821, 0x0821, 0x0821, 0x0821, 0x0821, 0x0821,
    0x0821, 0x0821, 0x0821, 0x62A5, 0xFF4B, 0xF6EB, 0xFEEB, 0xFEEB, 0xFEEB, 0xFEEB, 0xFEEA, 0xFECB, 0xFF4B, 0x62A5, 0x0821, 0x0821,
    0x0821, 0x0821, 0x0821, 0x0821, 0x0821, 0x0821, 0x0821, 0x0821, 0x0821, 0x0821, 0x0821, 0x0821, 0x0821, 0x0821, 0x0821, 0x0821,
    0x0821, 0x0821, 0x0821, 0x0821, 0x0821, 0x0821, 0x0821, 0x0821, 0x0821, 0xB4C8, 0xFF8C, 0xDDEA, 0x1061, 0x0821, 0x0821, 0x0821,
    0x0821, 0x0821, 0x0821, 0x0821, 0x0821, 0x0821, 0x0821, 0x0821, 0x0821, 0x0821, 0x0821, 0x0821, 0x0821, 0x0821, 0x0821, 0x0821,
    0x0821, 0x0821, 0x0821, 0x0821, 0x0821, 0x0821, 0x0821, 0x0821, 0x0821, 0x0821, 0x0821, 0x0821, 0x0821, 0x0821, 0x0821, 0x0821,
    0x0821, 0x0821, 0x0821, 0x0821, 0x0821, 0x0821, 0x0821, 0x0821, 0x0821, 0x0821, 0x0821, 0x0821, 0x0821, 0x0821, 0x0821, 0x0821,
    0x5A65, 0xFF4C, 0xFECA, 0xFEEB, 0xFEEB, 0xFECA, 0xFF2B, 0xD5AA, 0x0821, 0x0821, 0x0821, 0x0821, 0x0821, 0x0821, 0x0821, 0x0821,
    0x0821, 0x0821, 0x0821, 0x0821, 0x0821, 0x0821, 0x0821, 0x0821, 0x0821, 0x0821, 0x0821, 0x0821, 0x0821, 0x0821, 0x0821, 0x0821,
    0x0821, 0x0821, 0x0821, 0x0821, 0x0821, 0x0821, 0x0821, 0x0821, 0x0821, 0x0821, 0x0821, 0x0821, 0x0821, 0x0821, 0x0821, 0x0821,
    0x0821, 0x0821, 0x0821, 0x0841, 0x0821, 0x8410, 0xFFFF, 0xFFDF, 0xFFFF, 0xFFFF, 0xB596, 0x0821, 0x0821, 0x0821, 0x0821, 0x0821,
    0x0821, 0x0821, 0xB596, 0xFFFF, 0xFFFF, 0xFFFF, 0xFFFF, 0x9492, 0x0821, 0x0841, 0x0821, 0x0821, 0x0821, 0x0821, 0x0821, 0x0821,
    0xAD55, 0xFFFF, 0xFFFF, 0x526A, 0x0821, 0x0841, 0x0821, 0x9CD3, 0xFFFF, 0xFFFF, 0x62EC, 0x0821, 0x0821, 0x9492, 0xFFFF, 0xFFFF,
    0xFFDF, 0x39C7, 0x0821, 0x0821, 0x0821, 0x0821, 0x0821, 0x0821, 0x0821, 0x0821, 0x0821, 0x5244, 0xFF4B, 0xFEEB, 0xFEEB, 0xFEEB,
    0xFEEB, 0xFEEB, 0xFEEB, 0xFEEB, 0xFF2C, 0xC569, 0x0821, 0x0821, 0x0821, 0x0821, 0x0821, 0x0821, 0x0821, 0x0821, 0x0821, 0x0821,
    0x0821, 0x0821, 0x0821, 0x0821, 0x0821, 0x0821, 0x0821, 0x0821, 0x0821, 0x0821, 0x0821, 0x0821, 0x0821, 0x0821, 0x0821, 0x0821,
    0x0821, 0xACA8, 0xFFCC, 0x9C48, 0x0821, 0x0821, 0x0821, 0x0821, 0x0821, 0x0821, 0x0821, 0x0821, 0x0821, 0x0821, 0x0821, 0x0821,
    0x0821, 0x0821, 0x0821, 0x0821, 0x0821, 0x0821, 0x0821, 0x0821, 0x0821, 0x0821, 0x0821, 0x0821, 0x0821, 0x0821, 0x0821, 0x0821,
    0x0821, 0x0821, 0x0821, 0x0821, 0x0821, 0x0821, 0x0821, 0x0821, 0x0821, 0x0821, 0x0821, 0x0821, 0x0821, 0x0821, 0x0821, 0x0821,
    0x0821, 0x0821, 0x0821, 0x0821, 0x0821, 0x0821, 0x0821, 0x0821, 0xA468, 0xFF6B, 0xFECB, 0xFEEB, 0xFEEB, 0xFECB, 0xFF6B, 0xA488,
    0x0821, 0x0821, 0x0821, 0x0821, 0x0821, 0x0821, 0x0821, 0x0821, 0x0821, 0x0821, 0x0821, 0x0821, 0x0821, 0x0821, 0x0821, 0x0821,
    0x0821, 0x0821, 0x0821, 0x0821, 0x0821, 0x0821, 0x0821, 0x0821, 0x0821, 0x0821, 0x0821, 0x0821, 0x0821, 0x0821, 0x0821, 0x0821,
    0x0821, 0x0821, 0x0821, 0x0821, 0x0821, 0x0821, 0x0821, 0x0821, 0x0821, 0x0821, 0x0821, 0x0821, 0x0821, 0x2925, 0xF79E, 0xFFFF,
    0xFFFF, 0xFFFF, 0x4A49, 0x0821, 0x0821, 0x0821, 0x0821, 0x0821, 0x0821, 0x0821, 0x4A49, 0xFFFF, 0xFFFF, 0xFFFF, 0xFFFF, 0x41E8,
    0x0821, 0x0821, 0x0821, 0x0821, 0x0821, 0x0821, 0x0821, 0x0821, 0xAD55, 0xFFFF, 0xFFFF, 0x526A, 0x0821, 0x0841, 0x0821, 0x9CD3,
    0xFFFF, 0xFFFF, 0x62EC, 0x0821, 0x0841, 0x0841, 0xC618, 0xFFFF, 0xFFFF, 0xE71C, 0x18C3, 0x0821, 0x0821, 0x0821, 0x0821, 0x0821,
    0x0821, 0x0821, 0x0821, 0x41C4, 0xFF2B, 0xFEEB, 0xFEEB, 0xFEEB, 0xFEEB, 0xFEEB, 0xFEEB, 0xFEEB, 0xFEEA, 0xFF6C, 0x7306, 0x0821,
    0x0821, 0x0821, 0x0821, 0x0821, 0x0821, 0x0821, 0x0821, 0x0821, 0x0821, 0x0821, 0x0821, 0x0821, 0x0821, 0x0821, 0x0821, 0x0821,
    0x0821, 0x0821, 0x0821, 0x0821, 0x0821, 0x0821, 0x0821, 0x0821, 0x0821, 0xB4E9, 0xFFAC, 0x5A65, 0x0821, 0x0821, 0x0821, 0x0821,
    0x0821, 0x0821, 0x0821, 0x0821, 0x0821, 0x0821, 0x0821, 0x0821, 0x0821, 0x0821, 0x0821, 0x0821, 0x0821, 0x0821, 0x0821, 0x0821,
    0x0821, 0x0821, 0x0821, 0x0821, 0x0821, 0x0821, 0x0821, 0x0821, 0x0821, 0x0821, 0x0821, 0x0821, 0x0821, 0x0821, 0x0821, 0x0821,
    0x0821, 0x0821, 0x0821, 0x0821, 0x0821, 0x0821, 0x0821, 0x0821, 0x0821, 0x0821, 0x0821, 0x0821, 0x0821, 0x0821, 0x0821, 0x18C2,
    0xE66B, 0xFF0A, 0xFEEB, 0xFEEB, 0xFEEB, 0xFECB, 0xFF6B, 0x5AA5, 0x0821, 0x0821, 0x0821, 0x0821, 0x0821, 0x0821, 0x0821, 0x0821,
    0x0821, 0x0821, 0x0821, 0x0821, 0x0821, 0x0821, 0x0821, 0x0821, 0x0821, 0x0821, 0x0821, 0x0821, 0x0821, 0x0821, 0x0821, 0x0821,
    0x0821, 0x0821, 0x0821, 0x0821, 0x0821, 0x0821, 0x0821, 0x0821, 0x0821, 0x0821, 0x0821, 0x0821, 0x0821, 0x0821, 0x0821, 0x0821,
    0x0821, 0x0821, 0x0821, 0x0821, 0x0821, 0x0821, 0x9CD3, 0xFFFF, 0xFFFF, 0xE71C, 0x1082, 0x0821, 0x0821, 0x0821, 0x0821, 0x0821,
    0x0821, 0x0821, 0x0841, 0xD6BA, 0xFFFF, 0xFFFF, 0xC618, 0x0821, 0x0821, 0x0821, 0x0821, 0x0821, 0x0821, 0x0821, 0x0821, 0x0821,
    0xAD75, 0xFFFF, 0xFFFF, 0x528A, 0x0821, 0x0841, 0x0821, 0x9CD3, 0xFFFF, 0xFFFF, 0x630C, 0x0821, 0x0841, 0x0821, 0x2925, 0xEF3D,
    0xFFFF, 0xFFFF, 0xBDD7, 0x0821, 0x0821, 0x0821, 0x0821, 0x0821, 0x0821, 0x0821, 0x0821, 0x18A2, 0xE64A, 0xFF0B, 0xFEEB, 0xFEEB,
    0xFEEB, 0xFEEB, 0xFEEB, 0xFEEB, 0xFEEA, 0xFEEB, 0xEE8B, 0x3143, 0x0821, 0x0821, 0x0821, 0x0821, 0x0821, 0x0821, 0x0821, 0x0821,
    0x0821, 0x0821, 0x0821, 0x0821, 0x0821, 0x0821, 0x0821, 0x0821, 0x0821, 0x0821, 0x0821, 0x0821, 0x0821, 0x0821, 0x0821, 0x0821,
    0x0821, 0xCD8A, 0xFF0B, 0x2943, 0x0821, 0x0821, 0x0821, 0x0821, 0x0821, 0x0821, 0x0821, 0x0821, 0x0821, 0x0821, 0x0821, 0x0821,
    0x0821, 0x0821, 0x0821, 0x0821, 0x0821, 0x0821, 0x0821, 0x0821, 0x0821, 0x0821, 0x0821, 0x0821, 0x0821, 0x0821, 0x0821, 0x0821,
    0x0821, 0x0821, 0x0821, 0x0821, 0x0821, 0x0821, 0x0821, 0x0821, 0x0821, 0x0821, 0x0821, 0x0821, 0x0821, 0x0821, 0x0821, 0x0821,
    0x0821, 0x0821, 0x0821, 0x0821, 0x0821, 0x0821, 0x0821, 0x4A04, 0xFF2B, 0xFECB, 0xFEEB, 0xFEEB, 0xFEEB, 0xFF0B, 0xEE6A, 0x18A2,
    0x0821, 0x0821, 0x0821, 0x0821, 0x0821, 0x0821, 0x0821, 0x0821, 0x0821, 0x0821, 0x0821, 0x0821, 0x0821, 0x0821, 0x0821, 0x0821,
    0x0821, 0x0821, 0x0821, 0x0821, 0x0821, 0x0821, 0x0821, 0x0821, 0x0821, 0x0821, 0x0821, 0x0821, 0x0821, 0x0821, 0x0821, 0x0821,
    0x0821, 0x0821, 0x0821, 0x0821, 0x0821, 0x0821, 0x0821, 0x0821, 0x0821, 0x0821, 0x0821, 0x0821, 0x0821, 0x0821, 0x528A, 0xFFFF,
    0xFFFF, 0x9CD3, 0x0821, 0x0821, 0x0821, 0x0821, 0x0821, 0x0821, 0x0821, 0x0821, 0x0821, 0x9492, 0xFFFF, 0xFFFF, 0x83F0, 0x0821,
    0x0841, 0x0821, 0x0821, 0x0821, 0x0821, 0x0821, 0x0821, 0x0821, 0xCE59, 0xFFFF, 0xFFFF, 0x630C, 0x0821, 0x1062, 0x0821, 0xB596,
    0xFFFF, 0xFFFF, 0x7BCF, 0x0821, 0x0841, 0x0841, 0x0821, 0x528A, 0xFFDF, 0xFFDF, 0xFFFF, 0x9CF3, 0x0821, 0x0821, 0x0821, 0x0821,
    0x0821, 0x0821, 0x0821, 0x0821, 0xB509, 0xFF4C, 0xFEEA, 0xFEEB, 0xFEEB, 0xFEEB, 0xFEEB, 0xFEEB, 0xFEEB, 0xFECB, 0xFF4B, 0xD5EA,
    0x1082, 0x0821, 0x0821, 0x0821, 0x0821, 0x0821, 0x0821, 0x0821, 0x0821, 0x0821, 0x0821, 0x0821, 0x0821, 0x0821, 0x0821, 0x0821,
    0x0821, 0x0821, 0x0821, 0x0821, 0x0821, 0x0821, 0x0821, 0x0821, 0x18A2, 0xF6CB, 0xF6AB, 0x1082, 0x0821, 0x0821, 0x0821, 0x0821,
    0x0821, 0x0821, 0x0821, 0x0821, 0x0821, 0x0821, 0x0821, 0x0821, 0x0821, 0x0821, 0x0821, 0x0821, 0x0821, 0x0821, 0x0821, 0x0821,
    0x0821, 0x0821, 0x0821, 0x0821, 0x0821, 0x0821, 0x0821, 0x0821, 0x0821, 0x0821, 0x0821, 0x0821, 0x0821, 0x0821, 0x0821, 0x0821,
    0x0821, 0x0821, 0x0821, 0x0821, 0x0821, 0x0821, 0x0821, 0x0821, 0x0821, 0x0821, 0x0821, 0x0821, 0x0821, 0x0821, 0x0821, 0x7B46,
    0xFF6C, 0xFEEB, 0xFEEB, 0xFEEB, 0xFECB, 0xFF4B, 0xB4E8, 0x0821, 0x0821, 0x0821, 0x0821, 0x0821, 0x0821, 0x0821, 0x0821, 0x0821,
    0x0821, 0x0821, 0x0821, 0x0821, 0x0821, 0x0821, 0x0821, 0x0821, 0x0821, 0x0821, 0x0821, 0x0821, 0x0821, 0x0821, 0x0821, 0x0821,
    0x0821, 0x0821, 0x0821, 0x0821, 0x0821, 0x0821, 0x0821, 0x0821, 0x0821, 0x0821, 0x0821, 0x0821, 0x0821, 0x0821, 0x0821, 0x0821,
    0x0821, 0x0821, 0x0821, 0x0821, 0x0821, 0x0821, 0x18A3, 0xE73C, 0xFFFF, 0x3186, 0x0821, 0x0821, 0x0821, 0x0821, 0x0821, 0x0821,
    0x0821, 0x0821, 0x0821, 0x2945, 0xF79E, 0xFFFF, 0x3186, 0x0821, 0x0821, 0x0821, 0x0821, 0x0821, 0x0821, 0x0821, 0x0821, 0x39C7,
    0xFFDF, 0xFFDF, 0xFFFF, 0xC618, 0x0841, 0x0821, 0x2945, 0xEF7D, 0xFFFF, 0xFFFF, 0xD67A, 0x0841, 0x0821, 0x0821, 0x0821, 0x0821,
    0xB5B6, 0xFFFF, 0xFFDF, 0xFFFF, 0xAD35, 0x1082, 0x0821, 0x0821, 0x0821, 0x0821, 0x0821, 0x0821, 0x7B66, 0xFF6B, 0xFECB, 0xFEEB,
    0xFF0A, 0xFEEB, 0xFEEB, 0xFEEB, 0xFEEB, 0xFEEB, 0xFECA, 0xFF4B, 0xC56A, 0x1061, 0x0821, 0x0821, 0x0821, 0x0821, 0x0821, 0x0821,
    0x0821, 0x0821, 0x0821, 0x0821, 0x0821, 0x0821, 0x0821, 0x0821, 0x0821, 0x0821, 0x0821, 0x0821, 0x0821, 0x0821, 0x0821, 0x0821,
    0x1061, 0x5A86, 0x5245, 0x0821, 0x0821, 0x0821, 0x0821, 0x0821, 0x0821, 0x0821, 0x0821, 0x0821, 0x0821, 0x0821, 0x0821, 0x0821,
    0x0821, 0x0821, 0x0821, 0x0821, 0x0821, 0x0821, 0x0821, 0x0821, 0x0821, 0x0821, 0x0821, 0x0821, 0x0821, 0x0821, 0x0821, 0x0821,
    0x0821, 0x0821, 0x0821, 0x0821, 0x0821, 0x0821, 0x0821, 0x0821, 0x0821, 0x0821, 0x0821, 0x0821, 0x0821, 0x0821, 0x0821, 0x0821,
    0x0821, 0x0821, 0x0821, 0x0821, 0x0821, 0x0821, 0x0821, 0xC569, 0xFF4B, 0xFECB, 0xFEEB, 0xFEEB, 0xFEEB, 0xFF6B, 0x83A7, 0x0821,
    0x0821, 0x0821, 0x0821, 0x0821, 0x0821, 0x0821, 0x0821, 0x0821, 0x0821, 0x0821, 0x0821, 0x0821, 0x0821, 0x0821, 0x0821, 0x0821,
    0x0821, 0x0821, 0x0821, 0x0821, 0x0821, 0x0821, 0x0821, 0x0821, 0x0821, 0x0821, 0x0821, 0x0821, 0x0821, 0x0821, 0x0821, 0x0821,
    0x0821, 0x0821, 0x0821, 0x0821, 0x0821, 0x0821, 0x0821, 0x0821, 0x0821, 0x0821, 0x0821, 0x0821, 0x0821, 0x0821, 0x0821, 0x9472,
    0xE73C, 0x0821, 0x0821, 0x0821, 0x0821, 0x0821, 0x0821, 0x0821, 0x0821, 0x0821, 0x0821, 0x0821, 0xCE59, 0xC638, 0x0821, 0x0821,
    0x0821, 0x0821, 0x0821, 0x0821, 0x0821, 0x4A49, 0xAD75, 0xEF3D, 0xFFFF, 0xFFFF, 0xFFFF, 0xFFFF, 0xD67A, 0xA534, 0xDEFB, 0xFFFF,
    0xFFFF, 0xFFFF, 0xFFFF, 0xCE59, 0xA514, 0x39A7, 0x0821, 0x8C51, 0xF79E, 0xFFFF, 0xFFFF, 0xFFFF, 0xFFFF, 0xDEFB, 0xAD55, 0x528A,
    0x0821, 0x0821, 0x0821, 0x0821, 0x18A2, 0xE62A, 0xFF0B, 0xFECB, 0xFEEB, 0xFEEB, 0xFEEB, 0xFEEB, 0xFEEB, 0xFEEB, 0xFEEB, 0xFECA,
    0xFF4B, 0xBD29, 0x1062, 0x0821, 0x0821, 0x0821, 0x0821, 0x0821, 0x0821, 0x0821, 0x0821, 0x0821, 0x0821, 0x0821, 0x0821, 0x0821,
    0x0821, 0x0821, 0x0821, 0x0821, 0x0821, 0x0821, 0x0821, 0x0821, 0x0821, 0x0821, 0x0821, 0x0821, 0x0821, 0x0821, 0x0821, 0x0821,
    0x0821, 0x0821, 0x0821, 0x0821, 0x0821, 0x0821, 0x0821, 0x0821, 0x18C2, 0x49E4, 0x7B66, 0x9427, 0x41C4, 0x0821, 0x0821, 0x0821,
    0x0821, 0x0821, 0x0821, 0x0821, 0x0821, 0x0821, 0x0821, 0x0821, 0x0821, 0x0821, 0x0821, 0x0821, 0x0821, 0x0821, 0x0821, 0x0821,
    0x0821, 0x0821, 0x18C2, 0x4A04, 0x7B66, 0x8BE7, 0x8BE6, 0x6B05, 0x3963, 0x0821, 0x0821, 0x0821, 0x0821, 0x0821, 0x3163, 0xFEEB,
    0xFEEB, 0xFEEB, 0xFEEB, 0xFEEB, 0xFEEA, 0xFF0C, 0x41A4, 0x0821, 0x0821, 0x0821, 0x0821, 0x0821, 0x0821, 0x0821, 0x0821, 0x0821,
    0x0821, 0x0821, 0x0821, 0x0821, 0x0821, 0x0821, 0x0821, 0x0821, 0x0821, 0x0821, 0x3143, 0x5A65, 0x8386, 0x8BE6, 0x8BC6, 0x8386,
    0x5A85, 0x2903, 0x0821, 0x0821, 0x0821, 0x0821, 0x0821, 0x0821, 0x0821, 0x0821, 0x0821, 0x0821, 0x0821, 0x0821, 0x0821, 0x0821,
    0x0821, 0x0821, 0x0821, 0x0821, 0x0821, 0x0821, 0x0821, 0x3166, 0x62EC, 0x0821, 0x0821, 0x0821, 0x0821, 0x0821, 0x0821, 0x0821,
    0x0821, 0x0821, 0x0821, 0x0821, 0x5AAB, 0x4A49, 0x0821, 0x0821, 0x0821, 0x0821, 0x0821, 0x0821, 0x0821, 0x2945, 0x52AA, 0x4A29,
    0x4208, 0x4208, 0x4208, 0x4208, 0x4A69, 0x528A, 0x4A49, 0x4208, 0x4208, 0x4208, 0x4208, 0x4A69, 0x52AA, 0x20E4, 0x0821, 0x4208,
    0x4A49, 0x4208, 0x4208, 0x4208, 0x4208, 0x4A49, 0x52AA, 0x3166, 0x0821, 0x0821, 0x0821, 0x0821, 0x0821, 0x6AE6, 0xFF8B, 0xFECB,
    0xFEEB, 0xFEEA, 0xFEEB, 0xFEEB, 0xFEEB, 0xFEEB, 0xFEEB, 0xFEEB, 0xFEEA, 0xFF4B, 0xBD29, 0x1082, 0x0821, 0x0821, 0x0821, 0x0821,
    0x0821, 0x0821, 0x0821, 0x0821, 0x0821, 0x0821, 0x0821, 0x0821, 0x0821, 0x0821, 0x0821, 0x0821, 0x0821, 0x0821, 0x0821, 0x0821,
    0x0821, 0x0821, 0x0821, 0x0821, 0x0821, 0x0821, 0x0821, 0x0821, 0x0821, 0x0821, 0x0821, 0x2923, 0x5A85, 0x83A7, 0xA468, 0xC549,
    0xE66A, 0xFF0B, 0xFF4B, 0xFFAC, 0x5A85, 0x0821, 0x0821, 0x0821, 0x0821, 0x0821, 0x0821, 0x0821, 0x0821, 0x0821, 0x0821, 0x0821,
    0x0821, 0x0821, 0x0821, 0x0821, 0x0821, 0x0821, 0x0821, 0x3163, 0x83A7, 0xB4E9, 0xEE6A, 0xFF8C, 0xFFCC, 0xFFCC, 0xFFEC, 0xFFCC,
    0xFEEB, 0xC569, 0x62E6, 0x0821, 0x0821, 0x0821, 0x6AE6, 0xFF6B, 0xFECB, 0xFF0B, 0xFEEB, 0xFEEA, 0xFF2B, 0xCDA9, 0x0841, 0x0821,
    0x0821, 0x0821, 0x0821, 0x0821, 0x0821, 0x0821, 0x0821, 0x0821, 0x0821, 0x0821, 0x0821, 0x0821, 0x0821, 0x0821, 0x2103, 0x7326,
    0xA468, 0xDE0A, 0xFF4C, 0xFFAC, 0xFFCC, 0xFFCC, 0xFFAC, 0xFF4C, 0xFF2B, 0xF68B, 0xBD09, 0x6B06, 0x0821, 0x0821, 0x0821, 0x0821,
    0x0821, 0x0821, 0x0821, 0x0821, 0x0821, 0x0821, 0x0821, 0x0821, 0x0821, 0x0821, 0x0821, 0x0821, 0x0821, 0x0821, 0x0821, 0x0821,
    0x0821, 0x0821, 0x0821, 0x0821, 0x0821, 0x0821, 0x0821, 0x0821, 0x0821, 0x0821, 0x0821, 0x0821, 0x0821, 0x0821, 0x0821, 0x0821,
    0x0821, 0x0821, 0x0821, 0x0821, 0x0821, 0x0821, 0x0821, 0x0821, 0x0821, 0x0821, 0x0821, 0x0821, 0x0821, 0x0821, 0x0821, 0x0821,
    0x0821, 0x0821, 0x0821, 0x0821, 0x0821, 0x0821, 0x0821, 0x0821, 0x0821, 0x0821, 0x0821, 0x0821, 0x0821, 0x0821, 0x0821, 0x0821,
    0x0821, 0x0821, 0x0821, 0x0821, 0x0821, 0x0841, 0xB509, 0xFF8B, 0xFECA, 0xFEEB, 0xFEEB, 0xFEEB, 0xFEEB, 0xFEEB, 0xFEEB, 0xFEEB,
    0xFEEC, 0xFEEA, 0xFF4B, 0xC54A, 0x18C2, 0x0821, 0x0821, 0x0821, 0x0821, 0x0821, 0x0821, 0x0821, 0x0821, 0x0821, 0x0821, 0x0821,
    0x0821, 0x0821, 0x0821, 0x0821, 0x0821, 0x0821, 0x0821, 0x0821, 0x0821, 0x0821, 0x0821, 0x0821, 0x0821, 0x1061, 0x3163, 0x62A5,
    0x8387, 0x9C48, 0xCDAA, 0xF6AB, 0xFF4B, 0xFF6C, 0xFF4B, 0xFF4B, 0xFF0B, 0xFECB, 0xFEEB, 0xEE8A, 0x20E2, 0x0821, 0x0821, 0x0821,
    0x0821, 0x0821, 0x0821, 0x0821, 0x0821, 0x0821, 0x0821, 0x0821, 0x0821, 0x0821, 0x0821, 0x0821, 0x0821, 0x41E4, 0xA487, 0xF6AB,
    0xFF6B, 0xFFCC, 0xF6CC, 0xA488, 0x7B46, 0x6AC5, 0x7306, 0x9C48, 0xF6CB, 0xFF8C, 0xFF2C, 0xA488, 0x1082, 0x0821, 0xA468, 0xFF6C,
    0xFEEA, 0xFEEB, 0xFEEB, 0xFEEA, 0xFF4C, 0x9407, 0x0821, 0x0821, 0x0821, 0x0821, 0x0821, 0x0821, 0x0821, 0x0821, 0x0821, 0x0821,
    0x0821, 0x0821, 0x0821, 0x0821, 0x39A4, 0x9C27, 0xE66A, 0xFFCC, 0xFFAC, 0xD5AA, 0x8BC7, 0x6B05, 0x62C5, 0x7326, 0xACC9, 0xFF0B,
    0xFEEA, 0xFF0B, 0xFF4B, 0xFF4B, 0xBD49, 0x3143, 0x0821, 0x0821, 0x0821, 0x0821, 0x0821, 0x0821, 0x0821, 0x0821, 0x0821, 0x0821,
    0x0821, 0x0821, 0x0821, 0x0821, 0x0821, 0x0821, 0x0821, 0x0821, 0x0821, 0x0821, 0x0821, 0x0821, 0x0821, 0x0821, 0x0821, 0x0821,
    0x0821, 0x0821, 0x0821, 0x0821, 0x0821, 0x0821, 0x0821, 0x0821, 0x0821, 0x0821, 0x0821, 0x0821, 0x0821, 0x0821, 0x0821, 0x0821,
    0x0821, 0x0821, 0x0821, 0x0821, 0x0821, 0x0821, 0x0821, 0x0821, 0x0821, 0x0821, 0x0821, 0x0821, 0x0821, 0x0821, 0x0821, 0x0821,
    0x0821, 0x0821, 0x0821, 0x0821, 0x0821, 0x0821, 0x0821, 0x0821, 0x0821, 0x0821, 0x0821, 0x0821, 0x0821, 0x0821, 0x20E3, 0xDE0A,
    0xFF2B, 0xFECB, 0xFEEA, 0xFEEB, 0xFEEB, 0xFEEB, 0xFEEB, 0xFF0A, 0xFEEB, 0xFEEB, 0xFECA, 0xFF6B, 0xCD8A, 0x2903, 0x0821, 0x0821,
    0x0821, 0x0821, 0x0821, 0x0821, 0x0821, 0x0821, 0x0821, 0x0821, 0x0821, 0x0821, 0x0821, 0x0821, 0x0821, 0x0821, 0x0821, 0x0821,
    0x0821, 0x0821, 0x0821, 0x1061, 0xACC9, 0xF68B, 0xFF6C, 0xFFCC, 0xFFCC, 0xFF8B, 0xFF2B, 0xFF0B, 0xFECB, 0xFECB, 0xFECA, 0xFECA,
    0xFEEA, 0xFECA, 0xFF4B, 0xACC9, 0x0821, 0x0821, 0x0821, 0x0821, 0x0821, 0x0821, 0x0821, 0x0821, 0x0821, 0x0821, 0x0821, 0x0821,
    0x0821, 0x0821, 0x0821, 0x2923, 0x9C68, 0xFF0B, 0xFF4B, 0xFF4B, 0xF6AA, 0x9447, 0x2943, 0x0821, 0x0821, 0x0821, 0x0821, 0x0821,
    0x3164, 0xBD49, 0xFF0B, 0xFF8B, 0xB508, 0x2902, 0xE62A, 0xFF2B, 0xFEEA, 0xFEEB, 0xFEEA, 0xFECB, 0xFF4B, 0x62C5, 0x0821, 0x0821,
    0x0821, 0x0821, 0x0821, 0x0821, 0x0821, 0x0821, 0x0821, 0x0821, 0x0821, 0x0821, 0x2902, 0x9427, 0xFEEB, 0xFF6B, 0xFF6B, 0xC549,
    0x5A65, 0x0821, 0x0821, 0x0821, 0x0821, 0x0821, 0x0821, 0x6B06, 0xFF2C, 0xFECB, 0xFEEB, 0xFECB, 0xFF6B, 0xDE6B, 0x3163, 0x0821,
    0x0821, 0x0821, 0x0821, 0x0821, 0x0821, 0x0821, 0x0821, 0x0821, 0x0821, 0x0821, 0x0821, 0x0821, 0x0821, 0x0821, 0x0821, 0x0821,
    0x0821, 0x0821, 0x0821, 0x0821, 0x0821, 0x0821, 0x0821, 0x0821, 0x0821, 0x0821, 0x0821, 0x0821, 0x0821, 0x0821, 0x0821, 0x0821,
    0x0821, 0x0821, 0x0821, 0x0821, 0x0821, 0x0821, 0x0821, 0x0821, 0x0821, 0x0821, 0x0821, 0x0821, 0x0821, 0x0821, 0x0821, 0x0821,
    0x0821, 0x0821, 0x0821, 0x0821, 0x0821, 0x0821, 0x0821, 0x0821, 0x0821, 0x0821, 0x0821, 0x0821, 0x0821, 0x0821, 0x0821, 0x0821,
    0x0821, 0x0821, 0x0821, 0x0821, 0x0821, 0x0821, 0x0821, 0x3983, 0xEEAB, 0xFF0B, 0xFECB, 0xFEEB, 0xFEEB, 0xFEEB, 0xFEEB, 0xFEEB,
    0xFEEB, 0xFEEB, 0xFEEB, 0xFECA, 0xFF6B, 0xDE0A, 0x3143, 0x0821, 0x0841, 0x0821, 0x0821, 0x0821, 0x0821, 0x0821, 0x0821, 0x0821,
    0x0821, 0x0821, 0x0821, 0x0821, 0x0821, 0x0821, 0x0821, 0x0821, 0x0821, 0x0821, 0x0821, 0x3183, 0xD5EA, 0xBD09, 0xA467, 0x9406,
    0xA487, 0xEE6A, 0xFF0A, 0xFECB, 0xFEEB, 0xFEEB, 0xFEEB, 0xFEEB, 0xFEEB, 0xFEEA, 0xFF4C, 0x62A6, 0x0821, 0x0821, 0x0821, 0x0821,
    0x0821, 0x0821, 0x0821, 0x0821, 0x0821, 0x0821, 0x0821, 0x0821, 0x0821, 0x0821, 0x62A6, 0xEE8B, 0xFF6C, 0xFECB, 0xFF2B, 0xDE2A,
    0x49E4, 0x0821, 0x0821, 0x0821, 0x0821, 0x0821, 0x0821, 0x0821, 0x0821, 0x0841, 0xBD4A, 0xFF2B, 0xFF2B, 0xDDCA, 0xFECA, 0xFEEB,
    0xFEEB, 0xFEEB, 0xFEEB, 0xFF0B, 0xF68B, 0x20E2, 0x0821, 0x0821, 0x0821, 0x0821, 0x0821, 0x0821, 0x0821, 0x0821, 0x0821, 0x0821,
    0x0821, 0x5A84, 0xEE6A, 0xFF6B, 0xFF0B, 0xFEEB, 0x83A7, 0x0821, 0x0821, 0x0821, 0x0821, 0x0821, 0x0821, 0x0841, 0x0821, 0x0821,
    0x9428, 0xFF4C, 0xFECA, 0xFEEB, 0xFECA, 0xFF6B, 0xCD8A, 0x1082, 0x0821, 0x0821, 0x0821, 0x0821, 0x0821, 0x0821, 0x0821, 0x0821,
    0x0821, 0x0821, 0x0821, 0x0821, 0x0821, 0x0821, 0x0821, 0x0821, 0x0821, 0x0821, 0x0821, 0x0821, 0x0821, 0x0821, 0x0821, 0x0821,
    0x0821, 0x0821, 0x0821, 0x0821, 0x0821, 0x0821, 0x0821, 0x0821, 0x0821, 0x0821, 0x0821, 0x0821, 0x0821, 0x0821, 0x0821, 0x0821,
    0x0821, 0x0821, 0x0821, 0x0821, 0x0821, 0x0821, 0x0821, 0x0821, 0x0821, 0x0821, 0x0821, 0x0821, 0x0821, 0x0821, 0x0821, 0x0821,
    0x0821, 0x0821, 0x0821, 0x0821, 0x0821, 0x0821, 0x0821, 0x0821, 0x0821, 0x0821, 0x0821, 0x0821, 0x0821, 0x0821, 0x0821, 0x0821,
    0x4A04, 0xFF0B, 0xFEEB, 0xFEEA, 0xFEEB, 0xFEEB, 0xFEEB, 0xFEEB, 0xFEEB, 0xFEEB, 0xFEEB, 0xFEEB, 0xFECA, 0xFF4B, 0xE66A, 0x3983,
    0x0821, 0x0821, 0x0821, 0x0821, 0x0821, 0x0821, 0x0821, 0x0821, 0x0821, 0x0821, 0x0821, 0x0821, 0x0821, 0x0821, 0x0821, 0x0821,
    0x0821, 0x0821, 0x0821, 0x0821, 0x0821, 0x0821, 0x0821, 0x0821, 0x0821, 0x3143, 0xE64B, 0xFF0B, 0xFEEA, 0xFEEB, 0xFEEB, 0xFEEB,
    0xFEEB, 0xFEEB, 0xFEEB, 0x3183, 0x0821, 0x0821, 0x0821, 0x0821, 0x0821, 0x0821, 0x0821, 0x0821, 0x0821, 0x0821, 0x0821, 0x0821,
    0x1081, 0xA487, 0xFF6C, 0xFF0B, 0xF6CA, 0xFF4C, 0xBD69, 0x18A2, 0x0821, 0x0841, 0x0821, 0x0821, 0x0821, 0x0821, 0x0821, 0x0821,
    0x0841, 0x0821, 0x20E2, 0xEE6B, 0xFEEB, 0xFF2B, 0xFEEB, 0xFEEB, 0xFEEB, 0xFEEB, 0xFECB, 0xFF4C, 0xB4C8, 0x0821, 0x0821, 0x0821,
    0x0821, 0x0821, 0x0821, 0x0821, 0x0821, 0x0821, 0x0821, 0x1061, 0x9C47, 0xFF4B, 0xFEEB, 0xF6EA, 0xF70B, 0x62A6, 0x0821, 0x0821,
    0x0821, 0x0821, 0x0821, 0x0821, 0x0821, 0x0821, 0x0821, 0x0821, 0x3143, 0xFEEB, 0xFEEB, 0xFEEB, 0xFEEB, 0xFECB, 0xFF4B, 0x7B66,
    0x0821, 0x0821, 0x0821, 0x0821, 0x0821, 0x0821, 0x0821, 0x0821, 0x0821, 0x0821, 0x0821, 0x0821, 0x0821, 0x0821, 0x0821, 0x0821,
    0x0821, 0x0821, 0x0821, 0x0821, 0x0821, 0x0821, 0x0821, 0x0821, 0x0821, 0x0821, 0x0821, 0x0821, 0x0821, 0x0821, 0x0821, 0x0821,
    0x0821, 0x0821, 0x0821, 0x0821, 0x0821, 0x0821, 0x0821, 0x0821, 0x0821, 0x0821, 0x0821, 0x0821, 0x0821, 0x0821, 0x0821, 0x0821,
    0x0821, 0x0821, 0x0821, 0x0821, 0x0821, 0x0821, 0x0821, 0x0821, 0x0821, 0x0821, 0x0821, 0x0821, 0x0821, 0x0821, 0x0821, 0x0821,
    0x0821, 0x0821, 0x0821, 0x0821, 0x0821, 0x0821, 0x0821, 0x0821, 0x0821, 0x5A85, 0xFF0C, 0xFEEB, 0xFEEB, 0xFEEB, 0xFEEB, 0xFEEB,
    0xFEEB, 0xFEEB, 0xFEEB, 0xFEEB, 0xFEEB, 0xF6EB, 0xFF2B, 0xEEAB, 0x4A04, 0x0821, 0x0821, 0x0821, 0x0821, 0x0821, 0x0821, 0x0821,
    0x0821, 0x0821, 0x0821, 0x0821, 0x0821, 0x0821, 0x0821, 0x0821, 0x0821, 0x0821, 0x0821, 0x0821, 0x0821, 0x0821, 0x0821, 0x0821,
    0x0841, 0x0821, 0x6AE6, 0xFF4C, 0xFECB, 0xFEEB, 0xFEEB, 0xFEEB, 0xFEEB, 0xFF2B, 0xD5EA, 0x1061, 0x0821, 0x0821, 0x0821, 0x0821,
    0x0821, 0x0821, 0x0821, 0x0821, 0x0821, 0x0821, 0x0821, 0x3143, 0xD5EA, 0xFF6B, 0xFEEA, 0xFECA, 0xFF4C, 0x9C48, 0x0821, 0x0821,
    0x0821, 0x0821, 0x0821, 0x0821, 0x0821, 0x0821, 0x0821, 0x0821, 0x0821, 0x0821, 0x0821, 0xB4E9, 0xFF4B, 0xF6EA, 0xFEEB, 0xFEEB,
    0xFEEB, 0xFEEB, 0xFECA, 0xFF6C, 0x7325, 0x0821, 0x0821, 0x0821, 0x0821, 0x0821, 0x0821, 0x0821, 0x0821, 0x0821, 0x20E2, 0xCD89,
    0xFF6C, 0xFECB, 0xFEEA, 0xFF2C, 0x6285, 0x0821, 0x0841, 0x0821, 0x0821, 0x0821, 0x0821, 0x0821, 0x0821, 0x0821, 0x0821, 0x0821,
    0x18C2, 0xEE6B, 0xFF0B, 0xFEEB, 0xFEEB, 0xFECB, 0xFF2B, 0xC549, 0x0821, 0x0821, 0x0821, 0x0821, 0x0821, 0x0821, 0x0821, 0x0821,
    0x0821, 0x0821, 0x0821, 0x0821, 0x0821, 0x0821, 0x0821, 0x0821, 0x0821, 0x0821, 0x0821, 0x0821, 0x0821, 0x0821, 0x0821, 0x0821,
    0x0821, 0x0821, 0x0821, 0x0821, 0x0821, 0x0821, 0x0821, 0x0821, 0x0821, 0x0821, 0x0821, 0x0821, 0x0821, 0x0821, 0x0821, 0x0821,
    0x0821, 0x0821, 0x0821, 0x0821, 0x0821, 0x0821, 0x0821, 0x0821, 0x0821, 0x0821, 0x0821, 0x0821, 0x0821, 0x0821, 0x0821, 0x0821,
    0x0821, 0x0821, 0x0821, 0x0821, 0x0821, 0x0821, 0x0821, 0x0821, 0x0821, 0x0821, 0x0821, 0x0821, 0x0821, 0x0821, 0x0821, 0x0821,
    0x0821, 0x0821, 0x62A6, 0xFF0C, 0xFEEB, 0xFEEA, 0xFEEB, 0xFEEB, 0xFEEB, 0xFEEB, 0xFEEB, 0xFEEB, 0xFEEB, 0xFF0B, 0xFECB, 0xFF0B,
    0xFF0B, 0x5A85, 0x0821, 0x0821, 0x0821, 0x0821, 0x0821, 0x0821, 0x0821, 0x0821, 0x0821, 0x0821, 0x0821, 0x0821, 0x0821, 0x0821,
    0x0821, 0x0821, 0x0821, 0x0821, 0x0821, 0x0821, 0x0821, 0x0821, 0x0821, 0x0821, 0x3143, 0xF6EB, 0xFEEB, 0xFEEB, 0xFEEB, 0xFEEB,
    0xFEEA, 0xFF4C, 0x8BA7, 0x0821, 0x0821, 0x0821, 0x0821, 0x0821, 0x0821, 0x0821, 0x0821, 0x0821, 0x0821, 0x0821, 0x49E4, 0xEEAB,
    0xFF2B, 0xFECB, 0xFECB, 0xFF4B, 0x9C48, 0x0821, 0x0821, 0x0821, 0x0821, 0x0821, 0x0821, 0x0821, 0x0821, 0x0821, 0x0821, 0x0821,
    0x0821, 0x0821, 0x0821, 0x9C47, 0xFF6B, 0xFECB, 0xFEEB, 0xFEEB, 0xFEEB, 0xFEEB, 0xFEEB, 0xFF0C, 0x41E4, 0x0821, 0x0821, 0x0821,
    0x0821, 0x0821, 0x0821, 0x0821, 0x0821, 0x41C4, 0xE64A, 0xFF4B, 0xF6CA, 0xFEEB, 0xFF4B, 0x6AE6, 0x0821, 0x0841, 0x0821, 0x0821,
    0x0821, 0x0821, 0x0821, 0x0821, 0x0821, 0x0821, 0x0821, 0x0821, 0x20C2, 0xEE6A, 0xFF0B, 0xFEEB, 0xFEEB, 0xFEEB, 0xFF2B, 0xD5AA,
    0x0821, 0x0821, 0x0821, 0x0821, 0x0821, 0x0821, 0x0821, 0x0821, 0x0821, 0x0821, 0x0821, 0x0821, 0x0821, 0x3163, 0x62E6, 0x0821,
    0x0821, 0x0821, 0x0821, 0x0821, 0x0821, 0x0821, 0x0821, 0x0821, 0x0821, 0x0821, 0x0821, 0x0821, 0x0821, 0x0821, 0x0821, 0x0821,
    0x0821, 0x0821, 0x0821, 0x0821, 0x0821, 0x0821, 0x0821, 0x0821, 0x0821, 0x0821, 0x0821, 0x0821, 0x0821, 0x0821, 0x0821, 0x0821,
    0x0821, 0x0821, 0x62C6, 0x2903, 0x0821, 0x0821, 0x0821, 0x0821, 0x0821, 0x0821, 0x0821, 0x0821, 0x0821, 0x0821, 0x0821, 0x0821,
    0x0821, 0x0821, 0x0821, 0x0821, 0x0821, 0x0821, 0x0821, 0x0821, 0x0821, 0x0821, 0x0821, 0x62A6, 0xFF0C, 0xFF0B, 0xFECA, 0xFEEB,
    0xFEEA, 0xFEEA, 0xFEEB, 0xFEEB, 0xFEEB, 0xFEEA, 0xFEEB, 0xFEEB, 0xFEEA, 0xFF2B, 0x7307, 0x0821, 0x0821, 0x0821, 0x0821, 0x0821,
    0x0821, 0x0821, 0x0821, 0x0821, 0x0821, 0x0821, 0x0821, 0x0821, 0x0821, 0x0821, 0x0821, 0x0821, 0x0821, 0x0821, 0x0821, 0x0821,
    0x0821, 0x0821, 0x41C4, 0xFF0B, 0xFEEB, 0xFEEB, 0xFEEB, 0xFEEB, 0xFEEB, 0xFEEB, 0x41C4, 0x0821, 0x0821, 0x0821, 0x0821, 0x0821,
    0x0821, 0x0821, 0x0821, 0x0841, 0x0821, 0x5A65, 0xF6EB, 0xFF0B, 0xFEEB, 0xFECA, 0xFF4B, 0xBD29, 0x0841, 0x0821, 0x0821, 0x0821,
    0x0821, 0x0821, 0x0821, 0x0821, 0x0821, 0x0821, 0x0821, 0x0821, 0x0821, 0x0821, 0x0821, 0x7B87, 0xFF6C, 0xFECB, 0xFEEB, 0xFEEB,
    0xFEEB, 0xFECA, 0xFF2B, 0xDDEA, 0x1061, 0x0821, 0x0821, 0x0821, 0x0821, 0x0821, 0x0821, 0x0821, 0x4A05, 0xF6CB, 0xFF2B, 0xFECB,
    0xFECB, 0xFF6B, 0x8BC7, 0x0821, 0x0821, 0x0821, 0x0821, 0x0821, 0x0821, 0x0821, 0x0821, 0x0821, 0x0821, 0x0821, 0x0821, 0x0821,
    0x3163, 0xFEEB, 0xFEEB, 0xFEEB, 0xFEEB, 0xFECB, 0xFF2B, 0xCD8A, 0x0821, 0x0821, 0x0821, 0x0821, 0x0821, 0x0821, 0x0821, 0x0821,
    0x0821, 0x0821, 0x0821, 0x0821, 0x6AE5, 0xBD49, 0x41E4, 0x0821, 0x0821, 0x0821, 0x0821, 0x0821, 0x0821, 0x0821, 0x0821, 0x0821,
    0x0821, 0x0821, 0x0821, 0x0821, 0x0821, 0x0821, 0x0821, 0x0821, 0x0821, 0x0821, 0x0821, 0x0821, 0x0821, 0x0821, 0x0821, 0x0821,
    0x0821, 0x0821, 0x0821, 0x0821, 0x0821, 0x0821, 0x0821, 0x0821, 0x0821, 0x0821, 0x9C28, 0x9428, 0x0821, 0x0821, 0x0821, 0x0821,
    0x0821, 0x0821, 0x0821, 0x0821, 0x0821, 0x0821, 0x0821, 0x0821, 0x0821, 0x0821, 0x0821, 0x0821, 0x0821, 0x0821, 0x0821, 0x0821,
    0x0821, 0x0821, 0x0821, 0x0821, 0x5A85, 0xFEEB, 0xFF0B, 0xFECA, 0xFEEB, 0xFEEB, 0xFEEB, 0xFEEB, 0xFEEB, 0xFEEB, 0xFEEB, 0xFEEB,
    0xFECB, 0xFEEB, 0xFF4B, 0x8387, 0x0821, 0x0821, 0x0821, 0x0821, 0x0821, 0x0821, 0x0821, 0x0821, 0x0821, 0x0821, 0x0821, 0x0821,
    0x0821, 0x0821, 0x0821, 0x0821, 0x0821, 0x0821, 0x0821, 0x0821, 0x0821, 0x0821, 0x7B46, 0xFF4C, 0xFECA, 0xFEEB, 0xFEEB, 0xFEEB,
    0xFF0B, 0xEE6B, 0x18C2, 0x0821, 0x0821, 0x0821, 0x0821, 0x0821, 0x0821, 0x0821, 0x0821, 0x0821, 0x5A85, 0xF6EC, 0xFF0A, 0xFECB,
    0xFECB, 0xFF2B, 0xDE2A, 0x18A2, 0x0821, 0x0821, 0x0821, 0x0821, 0x0821, 0x0821, 0x0821, 0x0821, 0x0821, 0x0821, 0x0821, 0x0821,
    0x0821, 0x0821, 0x0821, 0x7B66, 0xFF6B, 0xFECB, 0xFEEB, 0xFEEB, 0xFEEB, 0xFECB, 0xFF6C, 0x8BC7, 0x0821, 0x0821, 0x0821, 0x0821,
    0x0821, 0x0821, 0x0821, 0x49E5, 0xF6CB, 0xFF0B, 0xFEEB, 0xFEEA, 0xFF4B, 0xC549, 0x0821, 0x0821, 0x0821, 0x0821, 0x0821, 0x0821,
    0x0821, 0x0821, 0x0821, 0x0821, 0x0821, 0x0821, 0x0821, 0x0821, 0x5264, 0xFF4C, 0xFECB, 0xFEEB, 0xFEEB, 0xFECA, 0xFF2B, 0xB4E9,
    0x0821, 0x0821, 0x0821, 0x0821, 0x0821, 0x0821, 0x0821, 0x0821, 0x0821, 0x0821, 0x0821, 0x8BC7, 0xCD89, 0x2923, 0x0821, 0x0821,
    0x0821, 0x0821, 0x0821, 0x0821, 0x0821, 0x0821, 0x18C2, 0x0821, 0x0821, 0x0821, 0x0821, 0x0821, 0x0821, 0x0821, 0x0821, 0x0821,
    0x0821, 0x0821, 0x0821, 0x0821, 0x0821, 0x0821, 0x0821, 0x0821, 0x0821, 0x0821, 0x0821, 0x0821, 0x0821, 0x0821, 0x0821, 0x0821,
    0x0821, 0x0821, 0x3143, 0xE64B, 0x18A2, 0x0821, 0x0821, 0x0821, 0x0821, 0x0821, 0x0821, 0x0821, 0x0821, 0x0821, 0x0821, 0x0821,
    0x0821, 0x0821, 0x0821, 0x0821, 0x0821, 0x0821, 0x0821, 0x0821, 0x0821, 0x0821, 0x0821, 0x0821, 0x0821, 0x5245, 0xEEAB, 0xFF2B,
    0xFECA, 0xFEEB, 0xFEEB, 0xFEEA, 0xFEEB, 0xFEEB, 0xFEEB, 0xFEEB, 0xFEEB, 0xFEEB, 0xFEEA, 0xFF4B, 0x8BC8, 0x0821, 0x0821, 0x0821,
    0x0821, 0x0821, 0x0821, 0x0821, 0x0821, 0x0821, 0x0821, 0x0821, 0x0821, 0x0821, 0x0821, 0x0821, 0x0821, 0x0821, 0x0821, 0x0821,
    0x0821, 0x0821, 0xBD29, 0xFF4B, 0xFECA, 0xFEEB, 0xFEEB, 0xFECB, 0xFF4B, 0xB509, 0x0821, 0x0821, 0x0821, 0x0821, 0x0821, 0x0821,
    0x0821, 0x0821, 0x0821, 0x5225, 0xF6AB, 0xFF2B, 0xFECA, 0xFEEB, 0xFEEB, 0xFEEB, 0x39A4, 0x0821, 0x0821, 0x0821, 0x0821, 0x0821,
    0x0821, 0x0821, 0x0821, 0x0821, 0x0821, 0x0821, 0x0821, 0x0821, 0x0821, 0x0821, 0x0821, 0x8BE7, 0xFF6B, 0xFECA, 0xFEEB, 0xFEEB,
    0xFEEB, 0xFEEB, 0xFF0B, 0x41C4, 0x0821, 0x0821, 0x0821, 0x0821, 0x0821, 0x0821, 0x3143, 0xEE6B, 0xFF2B, 0xFEEA, 0xFEEB, 0xFF0B,
    0xF6AB, 0x2102, 0x0821, 0x0821, 0x0821, 0x0821, 0x0821, 0x0821, 0x0821, 0x0821, 0x0821, 0x0821, 0x0821, 0x0821, 0x0821, 0x0821,
    0xACA8, 0xFF4B, 0xFECB, 0xFEEB, 0xFEEB, 0xFEEB, 0xFF2B, 0x62C6, 0x0821, 0x0821, 0x0821, 0x0821, 0x0821, 0x0821, 0x0821, 0x0821,
    0x0821, 0x0821, 0x9427, 0xE64B, 0x20E2, 0x0821, 0x0821, 0x0821, 0x0821, 0x0821, 0x0821, 0x0821, 0x10A2, 0xACA8, 0xEECB, 0xACC8,
    0x18C2, 0x0821, 0x0821, 0x0821, 0x0821, 0x0821, 0x0821, 0x0821, 0x0821, 0x0821, 0x0821, 0x0821, 0x0821, 0x0821, 0x0821, 0x0821,
    0x0821, 0x0821, 0x0821, 0x0821, 0x0821, 0x0821, 0x0821, 0x0821, 0x0821, 0x0821, 0x0841, 0xE64B, 0x4A24, 0x0821, 0x0821, 0x0821,
    0x0821, 0x0821, 0x0821, 0x0821, 0x0821, 0x0821, 0x0821, 0x0821, 0x0821, 0x0821, 0x0821, 0x0821, 0x0821, 0x0821, 0x0821, 0x0821,
    0x0821, 0x0821, 0x0821, 0x0821, 0x0841, 0x0821, 0x41E4, 0xEE8B, 0xFF2B, 0xFECA, 0xFEEB, 0xFEEA, 0xFEEB, 0xFEEB, 0xFEEB, 0xFEEB,
    0xFEEB, 0xFEEB, 0xFEEB, 0xFEEA, 0xFF6C, 0x8BC7, 0x0821, 0x0821, 0x0821, 0x0821, 0x0821, 0x0821, 0x0821, 0x0821, 0x0821, 0x0821,
    0x0821, 0x0821, 0x0821, 0x0821, 0x0821, 0x0821, 0x0821, 0x0821, 0x0821, 0x1081, 0xE64A, 0xFF0B, 0xFEEB, 0xFEEB, 0xFEEB, 0xFECA,
    0xFF4C, 0x62C5, 0x0821, 0x0821, 0x0821, 0x0821, 0x0821, 0x0821, 0x0821, 0x0821, 0x3984, 0xF6CB, 0xFF2A, 0xFECB, 0xFEEB, 0xFECB,
    0xFF4B, 0x7B46, 0x0821, 0x0821, 0x0821, 0x0821, 0x0821, 0x0821, 0x0821, 0x0821, 0x0821, 0x0821, 0x0821, 0x0821, 0x0821, 0x0821,
    0x0821, 0x0821, 0x0821, 0xA488, 0xFF6C, 0xFECA, 0xFEEB, 0xFEEB, 0xFEEB, 0xFF0B, 0xEE6A, 0x18A2, 0x0821, 0x0821, 0x0821, 0x0821,
    0x0821, 0x1081, 0xD5EA, 0xFF4B, 0xFEEA, 0xFEEC, 0xFECB, 0xFF2B, 0x7306, 0x0821, 0x0821, 0x0821, 0x0821, 0x0821, 0x0821, 0x0821,
    0x0821, 0x0821, 0x0821, 0x0821, 0x0821, 0x0821, 0x0821, 0x2923, 0xF6CB, 0xFF0B, 0xFEEB, 0xFEEB, 0xFECB, 0xFF2B, 0xD5EA, 0x1082,
    0x0821, 0x0821, 0x0821, 0x0821, 0x0821, 0x0821, 0x0821, 0x0821, 0x0821, 0xA488, 0xF6CC, 0x20E2, 0x0821, 0x0821, 0x0821, 0x0821,
    0x0821, 0x0821, 0x0821, 0x0821, 0x8BE7, 0xFF8C, 0xFEEA, 0xFF8C, 0xA489, 0x0821, 0x0821, 0x0821, 0x0821, 0x0821, 0x0821, 0x0821,
    0x0821, 0x0821, 0x0821, 0x0821, 0x0821, 0x0821, 0x0821, 0x0821, 0x0821, 0x0821, 0x0821, 0x0821, 0x0821, 0x0821, 0x0821, 0x0821,
    0x0821, 0x0821, 0x0821, 0xCDAA, 0x8BC7, 0x0821, 0x0821, 0x0821, 0x0821, 0x0821, 0x0821, 0x0821, 0x0821, 0x0821, 0x0821, 0x0821,
    0x0821, 0x0821, 0x0821, 0x0821, 0x0821, 0x0821, 0x0821, 0x0821, 0x0821, 0x0821, 0x0821, 0x0821, 0x0821, 0x0841, 0x0821, 0x39A4,
    0xEE8B, 0xFF2B, 0xFECB, 0xFEEB, 0xFEEB, 0xFEEB, 0xFEEB, 0xFEEB, 0xFF0A, 0xFEEB, 0xFEEB, 0xFEEA, 0xFEEB, 0xFF4C, 0x8BE7, 0x0821,
    0x0821, 0x0821, 0x0821, 0x0821, 0x0821, 0x0821, 0x0821, 0x0821, 0x0821, 0x0821, 0x0821, 0x0821, 0x0821, 0x0821, 0x0821, 0x0821,
    0x0821, 0x41A3, 0xFEEB, 0xFEEB, 0xFEEB, 0xFEEB, 0xFEEB, 0xFF0B, 0xF6AA, 0x2902, 0x0821, 0x0821, 0x0821, 0x0821, 0x0821, 0x0821,
    0x0821, 0x20C2, 0xE64B, 0xFF2B, 0xFECB, 0xFF0A, 0xFEEB, 0xFF4B, 0xC569, 0x0821, 0x0821, 0x0821, 0x0821, 0x0821, 0x0821, 0x0821,
    0x0821, 0x0821, 0x0821, 0x0821, 0x0821, 0x0821, 0x0821, 0x0821, 0x0821, 0x0821, 0x0821, 0xBD28, 0xFF4B, 0xFECB, 0xFEEB, 0xFEEB,
    0xFECB, 0xFF4B, 0xC529, 0x0821, 0x0821, 0x0821, 0x0821, 0x0821, 0x0821, 0xACA8, 0xFF4C, 0xFECB, 0xFEEB, 0xFECA, 0xFF4B, 0xC569,
    0x0821, 0x0821, 0x0821, 0x0821, 0x0821, 0x0821, 0x0821, 0x0821, 0x0821, 0x0821, 0x0821, 0x0821, 0x0821, 0x0821, 0x0821, 0x83A7,
    0xFF4C, 0xFEEA, 0xFEEB, 0xFEEB, 0xFECA, 0xFF6C, 0x7B67, 0x0821, 0x0821, 0x0821, 0x0821, 0x0821, 0x0821, 0x0821, 0x0821, 0x0821,
    0x9428, 0xFF6C, 0x3143, 0x0821, 0x0821, 0x0821, 0x0821, 0x0821, 0x0821, 0x0821, 0x0821, 0x0821, 0xA468, 0xFF6C, 0xF6AA, 0xFF4C,
    0xBD2A, 0x0821, 0x0821, 0x0821, 0x0821, 0x0821, 0x0821, 0x0821, 0x0821, 0x0821, 0x0821, 0x0821, 0x0821, 0x0821, 0x0821, 0x0821,
    0x0821, 0x0821, 0x0821, 0x0821, 0x0821, 0x0821, 0x0821, 0x0821, 0x0821, 0x0821, 0x0821, 0x9C47, 0xDE2B, 0x0821, 0x0821, 0x0821,
    0x0821, 0x0821, 0x0821, 0x0821, 0x0821, 0x0821, 0x0821, 0x0821, 0x0821, 0x0821, 0x0821, 0x0821, 0x0821, 0x0821, 0x0821, 0x0821,
    0x0821, 0x0821, 0x0821, 0x0821, 0x0821, 0x0821, 0x0821, 0x0821, 0x3163, 0xE64B, 0xFF2B, 0xFECA, 0xFEEB, 0xFEEB, 0xFEEB, 0xFEEB,
    0xFF0A, 0xFEEB, 0xFEEB, 0xFEEB, 0xFEEB, 0xFEEB, 0xFF6B, 0x8BC8, 0x0821, 0x0821, 0x0821, 0x0821, 0x0821, 0x0821, 0x0821, 0x0821,
    0x0821, 0x0821, 0x0821, 0x0821, 0x0821, 0x0821, 0x0821, 0x0821, 0x0821, 0x93E7, 0xFF6B, 0xFECB, 0xFEEA, 0xFF0B, 0xFECB, 0xFF2B,
    0xD5C9, 0x0841, 0x0821, 0x0821, 0x0821, 0x0821, 0x0821, 0x0821, 0x0841, 0xBD49, 0xFF4B, 0xFECB, 0xFEEB, 0xFEEB, 0xFEEA, 0xEEAB,
    0x3143, 0x0821, 0x0821, 0x0821, 0x0821, 0x0821, 0x0821, 0x0821, 0x0821, 0x0821, 0x0821, 0x0821, 0x0821, 0x0821, 0x0821, 0x0821,
    0x0821, 0x0821, 0x0841, 0xD5EA, 0xFF2B, 0xFECB, 0xFEEA, 0xFF0B, 0xFECB, 0xFF4B, 0x7306, 0x0821, 0x0821, 0x0821, 0x0821, 0x0821,
    0x6AE5, 0xFF6C, 0xFEEA, 0xFEEA, 0xFECB, 0xFEEA, 0xF6EB, 0x41C4, 0x0821, 0x0821, 0x0821, 0x0821, 0x0821, 0x0821, 0x0821, 0x0821,
    0x0821, 0x0821, 0x0821, 0x0821, 0x0821, 0x0821, 0x3143, 0xF6CB, 0xFEEB, 0xFEEB, 0xFEEB, 0xFEEB, 0xFF2B, 0xCDA9, 0x1061, 0x0821,
    0x0821, 0x0821, 0x0821, 0x0821, 0x0821, 0x0821, 0x0821, 0x7B67, 0xFFAC, 0x6285, 0x0821, 0x0821, 0x0821, 0x0821, 0x0821, 0x0821,
    0x0821, 0x0821, 0x0821, 0x0821, 0x2943, 0xE66A, 0xFF2C, 0xE68A, 0x39A4, 0x0821, 0x0821, 0x0821, 0x0821, 0x0821, 0x0821, 0x0821,
    0x0821, 0x0821, 0x0821, 0x0821, 0x0821, 0x0821, 0x0821, 0x0821, 0x0821, 0x0821, 0x0821, 0x0821, 0x0821, 0x0821, 0x0821, 0x0821,
    0x0821, 0x0821, 0x0821, 0x62A5, 0xFF4C, 0x2923, 0x0821, 0x0821, 0x0821, 0x0821, 0x0821, 0x0821, 0x0821, 0x0821, 0x0821, 0x0821,
    0x0821, 0x0821, 0x0821, 0x0821, 0x0821, 0x0821, 0x0821, 0x0821, 0x0821, 0x0821, 0x0821, 0x0821, 0x0821, 0x0821, 0x0821, 0x0821,
    0x0821, 0x2102, 0xDE0A, 0xFF2B, 0xFECB, 0xFEEA, 0xFF0A, 0xFEEB, 0xFEEB, 0xFEEB, 0xFEEB, 0xFEEB, 0xFEEB, 0xFEEA, 0xF6EB, 0xFF4C,
    0x8387, 0x0821, 0x0821, 0x0821, 0x0821, 0x0821, 0x0821, 0x0821, 0x0821, 0x0821, 0x0821, 0x0821, 0x0821, 0x0821, 0x0821, 0x0821,
    0x1062, 0xD5EA, 0xFF2B, 0xFEEA, 0xFEEB, 0xFF0A, 0xFECB, 0xFF6C, 0x9407, 0x0821, 0x0821, 0x0821, 0x0821, 0x0821, 0x0821, 0x0821,
    0x7B67, 0xFF8B, 0xFECA, 0xFEEB, 0xFEEB, 0xFECA, 0xFF6B, 0x8BC7, 0x0821, 0x0821, 0x0821, 0x0821, 0x0821, 0x0821, 0x0821, 0x0821,
    0x0821, 0x0821, 0x0821, 0x0821, 0x0821, 0x0821, 0x0821, 0x0821, 0x0821, 0x0821, 0x3143, 0xFEEB, 0xFEEB, 0xFEEA, 0xFEEB, 0xFEEB,
    0xFF0B, 0xF6AB, 0x2902, 0x0821, 0x0821, 0x0821, 0x0821, 0x3143, 0xF6EB, 0xFEEB, 0xFEEB, 0xFEEB, 0xFECB, 0xFF4C, 0xACA8, 0x0821,
    0x0821, 0x0821, 0x0821, 0x0821, 0x0821, 0x0821, 0x0821, 0x0821, 0x0821, 0x0821, 0x0821, 0x0821, 0x0821, 0x0821, 0xB509, 0xFF4B,
    0xFECA, 0xFEEB, 0xFEEA, 0xF70A, 0xFF0C, 0x41E4, 0x0821, 0x0821, 0x0821, 0x0821, 0x0821, 0x0821, 0x0821, 0x0821, 0x5245, 0xFFAC,
    0xA488, 0x0821, 0x0821, 0x0821, 0x0821, 0x0821, 0x0821, 0x0821, 0x0821, 0x0821, 0x0821, 0x0821, 0x0821, 0x18A2, 0x39C4, 0x18C2,
    0x0821, 0x0821, 0x0821, 0x0821, 0x0821, 0x0821, 0x0821, 0x0821, 0x0821, 0x0821, 0x0821, 0x0821, 0x0821, 0x0821, 0x0821, 0x0821,
    0x0821, 0x0821, 0x0821, 0x0821, 0x0821, 0x0821, 0x0821, 0x0821, 0x0821, 0x0821, 0x0821, 0x3983, 0xFF4C, 0x5244, 0x0821, 0x0821,
    0x0821, 0x0821, 0x0821, 0x0821, 0x0821, 0x0821, 0x0821, 0x0821, 0x0821, 0x0821, 0x0821, 0x0821, 0x0821, 0x0821, 0x0821, 0x0821,
    0x0821, 0x0821, 0x0821, 0x0821, 0x0821, 0x0821, 0x0821, 0x0821, 0x0821, 0x0821, 0x18C2, 0xCDAA, 0xFF6B, 0xFECB, 0xFF0A, 0xFEEA,
    0xFEEB, 0xFEEB, 0xFEEB, 0xFEEB, 0xFEEB, 0xFEEB, 0xFEEB, 0xFEEA, 0xFF4B, 0x62A6, 0x0821, 0x0821, 0x0821, 0x0821, 0x0821, 0x0821,
    0x0821, 0x0821, 0x0821, 0x0821, 0x0821, 0x0821, 0x0821, 0x0821, 0x2943, 0xF6CB, 0xFEEB, 0xFEEB, 0xFEEB, 0xFEEA, 0xFECB, 0xFF0C,
    0x41C4, 0x0821, 0x0821, 0x0821, 0x0821, 0x0821, 0x0821, 0x41C3, 0xFF2C, 0xFECB, 0xFEEB, 0xFEEB, 0xFECA, 0xFF2B, 0xD5EA, 0x1081,
    0x0821, 0x0821, 0x0821, 0x0821, 0x0821, 0x0821, 0x0821, 0x0821, 0x0821, 0x0821, 0x0821, 0x0821, 0x0821, 0x0821, 0x0821, 0x0821,
    0x0821, 0x0821, 0x7B86, 0xFF6B, 0xFECB, 0xFEEB, 0xFEEB, 0xFECB, 0xFF4A, 0xD5C9, 0x0841, 0x0821, 0x0821, 0x0821, 0x0841, 0xBD09,
    0xFF2C, 0xFECB, 0xFEEB, 0xFEEA, 0xFF0B, 0xF6EC, 0x3983, 0x0821, 0x0821, 0x0821, 0x0821, 0x0821, 0x0821, 0x0821, 0x0821, 0x0821,
    0x0821, 0x0821, 0x0821, 0x0841, 0x0821, 0x83A7, 0xFF6C, 0xFECB, 0xFEEB, 0xFEEA, 0xFECA, 0xFF8C, 0x7326, 0x0821, 0x0821, 0x0821,
    0x0821, 0x0821, 0x0821, 0x0821, 0x0821, 0x2923, 0xEECB, 0xDE2A, 0x1082, 0x0821, 0x0821, 0x0821, 0x0821, 0x0821, 0x0821, 0x0821,
    0x0821, 0x0821, 0x0821, 0x0821, 0x0821, 0x0821, 0x0821, 0x0821, 0x0821, 0x0821, 0x0821, 0x0821, 0x0821, 0x0821, 0x0821, 0x0821,
    0x0821, 0x0821, 0x0821, 0x0821, 0x0821, 0x0821, 0x0821, 0x0821, 0x0821, 0x0821, 0x0821, 0x0821, 0x0821, 0x0821, 0x0821, 0x0821,
    0x0821, 0x0821, 0x0821, 0x20E2, 0xFF0C, 0x7326, 0x0821, 0x0821, 0x0821, 0x0821, 0x0821, 0x0821, 0x0821, 0x0821, 0x0821, 0x0821,
    0x0821, 0x0821, 0x0821, 0x0821, 0x0821, 0x0821, 0x0821, 0x0821, 0x0821, 0x0821, 0x0821, 0x0821, 0x0821, 0x0821, 0x0821, 0x0821,
    0x0821, 0x0821, 0x0821, 0x1882, 0xBD4A, 0xFF6B, 0xFECB, 0xFEEB, 0xFEEB, 0xFEEB, 0xFEEB, 0xFEEB, 0xFEEB, 0xFEEB, 0xFEEB, 0xFEEA,
    0xFF0B, 0xFEEB, 0x39A4, 0x0821, 0x0821, 0x0821, 0x0821, 0x0821, 0x0821, 0x0821, 0x0821, 0x0821, 0x0821, 0x0821, 0x0821, 0x0821,
    0x62A5, 0xFF4B, 0xFECA, 0xFEEB, 0xFEEB, 0xFECB, 0xFF2B, 0xD5CA, 0x0841, 0x0821, 0x0821, 0x0821, 0x0821, 0x0821, 0x1082, 0xD5C9,
    0xFF2B, 0xFEEB, 0xFEEB, 0xFEEB, 0xFECB, 0xFF4C, 0x6AE6, 0x0821, 0x0821, 0x0821, 0x0821, 0x0821, 0x0821, 0x0821, 0x0821, 0x0821,
    0x0821, 0x0821, 0x0821, 0x0821, 0x0821, 0x0821, 0x0821, 0x0821, 0x0821, 0x0821, 0xC569, 0xFF2B, 0xFEEB, 0xFEEB, 0xFEEB, 0xFECA,
    0xFF6B, 0x9C48, 0x0821, 0x0821, 0x0821, 0x0821, 0x5A85, 0xFF6C, 0xFECA, 0xFEEB, 0xFF0A, 0xFEEB, 0xFF4B, 0x9407, 0x0821, 0x0821,
    0x0821, 0x0821, 0x0821, 0x0821, 0x0821, 0x0821, 0x0821, 0x0821, 0x0821, 0x0821, 0x0841, 0x0821, 0x6AE5, 0xFF2A, 0xFEEB, 0xFEEB,
    0xFECB, 0xFEEA, 0xFF6C, 0x7B87, 0x0821, 0x0821, 0x0821, 0x0821, 0x0821, 0x0821, 0x0821, 0x0821, 0x0821, 0xB4C9, 0xFFAC, 0x5A85,
    0x0821, 0x0821, 0x0821, 0x0821, 0x0821, 0x0821, 0x0821, 0x0821, 0x0821, 0x0821, 0x0821, 0x0821, 0x0821, 0x0841, 0x0841, 0x0821,
    0x0821, 0x0821, 0x0821, 0x0821, 0x0821, 0x0821, 0x0821, 0x0821, 0x0821, 0x0821, 0x0821, 0x0821, 0x0821, 0x0821, 0x0821, 0x0821,
    0x0821, 0x0821, 0x0821, 0x0821, 0x0821, 0x0821, 0x0821, 0x0821, 0x0821, 0x0821, 0x0821, 0x18A2, 0xFECB, 0x83A6, 0x0821, 0x0821,
    0x0821, 0x0821, 0x0821, 0x0821, 0x0821, 0x0821, 0x0821, 0x0821, 0x0821, 0x0821, 0x0821, 0x0821, 0x0821, 0x0821, 0x0821, 0x0821,
    0x0821, 0x0821, 0x0821, 0x0821, 0x0821, 0x0821, 0x0821, 0x0821, 0x0821, 0x0821, 0x0821, 0x0821, 0x1062, 0xACE8, 0xFF6C, 0xFECA,
    0xFEEA, 0xFEEB, 0xFF0A, 0xFEEB, 0xFEEB, 0xFEEA, 0xFEEB, 0xFEEB, 0xFECB, 0xFF2B, 0xE66B, 0x20E2, 0x0821, 0x0821, 0x0821, 0x0821,
    0x0821, 0x0821, 0x0821, 0x0821, 0x0821, 0x0821, 0x0821, 0x0821, 0xB509, 0xFF4B, 0xFEEB, 0xFEEB, 0xFEEB, 0xFECB, 0xFF6B, 0x9C47,
    0x0821, 0x0821, 0x0821, 0x0821, 0x0821, 0x0821, 0x8386, 0xFF6C, 0xFECA, 0xFF0B, 0xFEEA, 0xFEEB, 0xFF2B, 0xC569, 0x0841, 0x0821,
    0x0821, 0x0821, 0x0821, 0x0821, 0x0821, 0x0821, 0x0821, 0x0821, 0x0821, 0x0821, 0x0821, 0x0821, 0x0821, 0x0821, 0x0821, 0x0821,
    0x0821, 0x2102, 0xEE8B, 0xFF0A, 0xFEEB, 0xFEEB, 0xFEEB, 0xFEEB, 0xFF2B, 0x4A04, 0x0821, 0x0841, 0x0821, 0x18A2, 0xDDEA, 0xFF2B,
    0xFEEB, 0xFEEB, 0xFEEB, 0xFEEB, 0xFF0B, 0x39A3, 0x0821, 0x0821, 0x0821, 0x0821, 0x0821, 0x0821, 0x0821, 0x0821, 0x0821, 0x0821,
    0x0821, 0x0821, 0x0821, 0x62A6, 0xF70B, 0xFEEB, 0xFEEB, 0xFECA, 0xFF0B, 0xFF2C, 0x7326, 0x0821, 0x0821, 0x0821, 0x0821, 0x0821,
    0x0821, 0x0821, 0x0821, 0x0821, 0x62A6, 0xFFAC, 0xB4E9, 0x0821, 0x0821, 0x0821, 0x0821, 0x0821, 0x0821, 0x0821, 0x0821, 0x0821,
    0x0821, 0x0821, 0x0821, 0x0821, 0x0821, 0x0821, 0x0821, 0x0821, 0x0821, 0x0821, 0x0821, 0x0821, 0x0821, 0x0821, 0x0821, 0x0821,
    0x0821, 0x0821, 0x0821, 0x0821, 0x0821, 0x0821, 0x0821, 0x0821, 0x0821, 0x0821, 0x0821, 0x0821, 0x0821, 0x0821, 0x0821, 0x0821,
    0x0821, 0x0821, 0x0821, 0x1061, 0xF6AA, 0xACA8, 0x0821, 0x0821, 0x0821, 0x0821, 0x0821, 0x0821, 0x0821, 0x0821, 0x0821, 0x0821,
    0x0821, 0x0821, 0x0821, 0x0821, 0x0821, 0x0821, 0x0821, 0x0821, 0x0821, 0x0821, 0x0821, 0x0821, 0x0821, 0x0821, 0x0821, 0x0821,
    0x0821, 0x0821, 0x0821, 0x0821, 0x0821, 0x1061, 0xACA8, 0xFF6B, 0xFECA, 0xFEEB, 0xFEEB, 0xFEEB, 0xFEEB, 0xFEEA, 0xFEEB, 0xFEEB,
    0xFEEB, 0xFECB, 0xFF6B, 0xACA8, 0x0821, 0x0821, 0x0821, 0x0821, 0x0821, 0x0821, 0x0821, 0x0821, 0x0821, 0x0821, 0x0821, 0x20E3,
    0xEEAB, 0xFF0B, 0xFEEB, 0xFEEB, 0xFEEB, 0xFECB, 0xFF6B, 0x6AE5, 0x0821, 0x0821, 0x0821, 0x0821, 0x0821, 0x3163, 0xEEAB, 0xFEEB,
    0xFEEB, 0xFEEB, 0xFEEB, 0xFECA, 0xFF4C, 0x6AE6, 0x0821, 0x0821, 0x0821, 0x0821, 0x0821, 0x0821, 0x0821, 0x0821, 0x0821, 0x0821,
    0x0821, 0x0821, 0x0821, 0x0821, 0x0821, 0x0821, 0x0821, 0x0821, 0x0821, 0x7B87, 0xFF4C, 0xFECA, 0xFEEB, 0xFEEB, 0xFEEA, 0xFF2B,
    0xE60A, 0x1061, 0x0821, 0x0841, 0x0821, 0x7346, 0xFF6C, 0xFECA, 0xFEEB, 0xFEEB, 0xFECA, 0xFF4B, 0xBD29, 0x0841, 0x0821, 0x0821,
    0x0821, 0x0821, 0x0821, 0x0821, 0x0821, 0x0821, 0x0821, 0x0821, 0x0821, 0x0821, 0x8386, 0xFF0B, 0xFF0B, 0xFECB, 0xFEEA, 0xFF6B,
    0xE64B, 0x5245, 0x0821, 0x0821, 0x0821, 0x0821, 0x0821, 0x0821, 0x0821, 0x0821, 0x0821, 0x1082, 0xDDEA, 0xFF4B, 0x41E4, 0x0821,
    0x0821, 0x0821, 0x0821, 0x0821, 0x0821, 0x0821, 0x0821, 0x0821, 0x0821, 0x0821, 0x0821, 0x18A2, 0x41C4, 0x7346, 0x5245, 0x0821,
    0x0821, 0x1062, 0x2943, 0x5245, 0x7B67, 0x4A04, 0x0821, 0x0821, 0x0821, 0x0821, 0x0821, 0x18A2, 0x62C6, 0x7B67, 0x49E5, 0x0821,
    0x0821, 0x0821, 0x0821, 0x0821, 0x0821, 0x0821, 0x0821, 0x0821, 0x0821, 0x0821, 0x0821, 0x0841, 0xEE6A, 0xBD49, 0x0821, 0x0821,
    0x0821, 0x0821, 0x0821, 0x0821, 0x0821, 0x0821, 0x0821, 0x0821, 0x0821, 0x0821, 0x0821, 0x0821, 0x0821, 0x0821, 0x0821, 0x0821,
    0x0821, 0x0821, 0x0821, 0x0821, 0x0821, 0x0821, 0x0821, 0x0821, 0x0821, 0x0821, 0x0821, 0x0821, 0x0821, 0x0821, 0x1061, 0xACA8,
    0xFF6B, 0xFECB, 0xFEEB, 0xFEEA, 0xFEEB, 0xFEEB, 0xFEEB, 0xFEEB, 0xFEEB, 0xFEEB, 0xFEEA, 0xFF6B, 0x5265, 0x0821, 0x0821, 0x0821,
    0x0821, 0x0821, 0x0821, 0x0821, 0x0821, 0x0821, 0x0821, 0x4A04, 0xFF2B, 0xFECB, 0xFF0A, 0xFEEB, 0xFEEB, 0xFF0B, 0xEEAA, 0x20C2,
    0x0821, 0x0821, 0x0821, 0x0821, 0x0821, 0xA468, 0xFF6B, 0xFECB, 0xFF0A, 0xFEEB, 0xFECB, 0xFF2A, 0xD5CA, 0x1082, 0x0821, 0x0821,
    0x0821, 0x0821, 0x0821, 0x0821, 0x0821, 0x0821, 0x0821, 0x0821, 0x0821, 0x0821, 0x0821, 0x0821, 0x0821, 0x0821, 0x0821, 0x0821,
    0x1061, 0xDE0A, 0xFF2B, 0xFEEB, 0xFEEB, 0xFEEA, 0xFECB, 0xFF4B, 0xB509, 0x0821, 0x0821, 0x0821, 0x18A2, 0xDE0A, 0xFF0B, 0xFECB,
    0xFEEB, 0xFEEB, 0xFECA, 0xFF4C, 0x5A85, 0x0821, 0x0821, 0x0821, 0x0821, 0x0821, 0x0821, 0x0821, 0x0821, 0x0821, 0x0821, 0x0821,
    0x3143, 0xACC8, 0xFF2C, 0xFEEA, 0xF6CA, 0xFF2B, 0xFF2C, 0xACC8, 0x2923, 0x0821, 0x0821, 0x0821, 0x0821, 0x0821, 0x0821, 0x0821,
    0x0821, 0x0821, 0x0821, 0x7B67, 0xFFAC, 0xACA8, 0x0821, 0x0821, 0x0821, 0x0821, 0x0821, 0x0821, 0x0821, 0x0821, 0x0821, 0x2923,
    0x7B86, 0x9C27, 0xC529, 0xE64A, 0xFF0B, 0xFF8B, 0xDE0A, 0x9407, 0xC549, 0xDE0A, 0xF6CB, 0xFF0C, 0xFFCC, 0x7346, 0x0821, 0x0841,
    0x0821, 0x0821, 0x7306, 0xE66A, 0xFF4C, 0xFF4B, 0xFF2B, 0x62C5, 0x0821, 0x0821, 0x0821, 0x0821, 0x0821, 0x0821, 0x0821, 0x0821,
    0x0821, 0x0821, 0x0821, 0x1061, 0xF68B, 0xC569, 0x0821, 0x0821, 0x0821, 0x0821, 0x0821, 0x0821, 0x0821, 0x0821, 0x0821, 0x0821,
    0x0821, 0x0821, 0x0821, 0x0821, 0x0821, 0x0821, 0x0821, 0x0821, 0x0821, 0x0821, 0x0821, 0x0821, 0x0821, 0x0821, 0x0821, 0x0821,
    0x0821, 0x0821, 0x0821, 0x0821, 0x0821, 0x0821, 0x0821, 0x1061, 0xACE9, 0xFF4B, 0xFECA, 0xFEEB, 0xFEEB, 0xFEEB, 0xFEEB, 0xFEEB,
    0xFEEB, 0xFEEB, 0xFECB, 0xFF2B, 0xCD89, 0x1061, 0x0821, 0x0821, 0x0821, 0x0821, 0x0821, 0x0821, 0x0821, 0x0821, 0x0821, 0x8BC7,
    0xFF6B, 0xFECB, 0xFEEA, 0xFEEB, 0xFECB, 0xFF4C, 0xB4E8, 0x0821, 0x0821, 0x0821, 0x0821, 0x0821, 0x41C4, 0xF6EB, 0xFEEB, 0xFEEB,
    0xFEEA, 0xFEEB, 0xFECB, 0xFF6C, 0x7B47, 0x0821, 0x0821, 0x0821, 0x0821, 0x0821, 0x0821, 0x0821, 0x0821, 0x0821, 0x0821, 0x0821,
    0x0821, 0x0821, 0x0821, 0x0821, 0x0821, 0x0821, 0x0821, 0x0821, 0x5225, 0xFF0B, 0xFEEB, 0xFEEB, 0xFEEB, 0xFEEB, 0xFECB, 0xFF4B,
    0x7B67, 0x0821, 0x0841, 0x0821, 0x7346, 0xFF6B, 0xFECB, 0xFEEB, 0xFEEB, 0xFEEB, 0xFF0B, 0xF6AB, 0x2103, 0x0821, 0x0821, 0x0821,
    0x0821, 0x0821, 0x0821, 0x0821, 0x0821, 0x0821, 0x2103, 0x83A7, 0xEE8B, 0xFF4B, 0xF6CA, 0xFF4B, 0xFF4C, 0xCD8A, 0x5A86, 0x0821,
    0x0821, 0x0821, 0x0821, 0x0821, 0x0821, 0x0821, 0x0821, 0x0821, 0x0821, 0x0821, 0x1061, 0xDE2A, 0xFF6C, 0x4A25, 0x0821, 0x0821,
    0x0821, 0x0821, 0x0821, 0x0821, 0x0821, 0x0821, 0x0821, 0x41E4, 0x83A7, 0x8BA7, 0xF6AA, 0xFF2B, 0xFECB, 0xFF0B, 0x9C48, 0x6B06,
    0x8386, 0xEE8B, 0xFF0B, 0xFECB, 0xF6EB, 0x3163, 0x0821, 0x0821, 0x1082, 0xB529, 0xFF6D, 0xD5C9, 0xF6AA, 0xFECB, 0xFF4B, 0xC56A,
    0x0821, 0x0821, 0x0821, 0x0821, 0x0821, 0x0821, 0x0821, 0x0821, 0x0821, 0x0821, 0x0821, 0x18C2, 0xF6CB, 0xCD89, 0x0821, 0x0821,
    0x0821, 0x0821, 0x0821, 0x0821, 0x0821, 0x0821, 0x0821, 0x0821, 0x0821, 0x0821, 0x0821, 0x0821, 0x0821, 0x0821, 0x0821, 0x0821,
    0x0821, 0x0821, 0x0821, 0x0821, 0x0821, 0x0821, 0x0821, 0x0821, 0x0821, 0x0821, 0x0821, 0x0821, 0x0821, 0x0821, 0x0821, 0x0821,
    0x1041, 0xCDCA, 0xFF2B, 0xFECB, 0xFEEB, 0xFEEB, 0xFEEB, 0xFEEB, 0xFEEB, 0xFEEB, 0xFEEB, 0xFECA, 0xFF4C, 0x62A5, 0x0821, 0x0821,
    0x0821, 0x0821, 0x0821, 0x0821, 0x0821, 0x0821, 0x1061, 0xDE0A, 0xFF2B, 0xFEEA, 0xFEEB, 0xFEEB, 0xFECA, 0xFF6C, 0x7B66, 0x0821,
    0x0821, 0x0821, 0x0821, 0x0821, 0xACA8, 0xFF6B, 0xFECB, 0xFEEA, 0xFEEB, 0xFEEB, 0xFEEB, 0xF6AB, 0x3143, 0x0821, 0x0821, 0x0821,
    0x0821, 0x0821, 0x0821, 0x0821, 0x0821, 0x0821, 0x0821, 0x0821, 0x0821, 0x0821, 0x0821, 0x0821, 0x0821, 0x0821, 0x0821, 0x1062,
    0xCDAA, 0xFF4B, 0xFECB, 0xFEEA, 0xFEEB, 0xFEEB, 0xFF0A, 0xF6AB, 0x3123, 0x0821, 0x0821, 0x0821, 0xC549, 0xFF2B, 0xFEEB, 0xFEEB,
    0xFEEB, 0xFECA, 0xFF4B, 0xBD29, 0x0821, 0x0821, 0x0821, 0x0821, 0x0821, 0x0821, 0x0821, 0x1061, 0x49E4, 0x8BA7, 0xE64A, 0xFF4B,
    0xFF2B, 0xFF2B, 0xFF2B, 0xCD8A, 0x7307, 0x0841, 0x0821, 0x0821, 0x0821, 0x0821, 0x0821, 0x0821, 0x0821, 0x0821, 0x0821, 0x0821,
    0x0821, 0x0821, 0x6AE6, 0xFFAC, 0xC549, 0x0841, 0x0821, 0x0821, 0x0821, 0x0821, 0x0821, 0x0821, 0x0821, 0x0821, 0x0821, 0x0821,
    0x0821, 0x0821, 0x8387, 0xFF4C, 0xFEEA, 0xEE6A, 0x1082, 0x0821, 0x0821, 0xA488, 0xFF4B, 0xFF2B, 0xCD89, 0x0821, 0x0821, 0x1082,
    0xCDAA, 0xDE0A, 0x39A4, 0x0821, 0xACC8, 0xFF2C, 0xFF2B, 0xC54A, 0x0821, 0x0821, 0x0821, 0x0821, 0x0821, 0x0821, 0x0821, 0x0821,
    0x0821, 0x0821, 0x0821, 0x2922, 0xFF2B, 0xC529, 0x0821, 0x0821, 0x0821, 0x0821, 0x0821, 0x20C2, 0xCDCA, 0x83C7, 0x0821, 0x0821,
    0x0821, 0x0821, 0x0821, 0x0821, 0x0821, 0x0821, 0x0821, 0x0821, 0x0821, 0x0821, 0x0821, 0x0821, 0x0821, 0x0821, 0x0821, 0x0821,
    0x0821, 0x0821, 0x0821, 0x0821, 0x0821, 0x0821, 0x0821, 0x0821, 0x0821, 0x2923, 0xF6CB, 0xFF0B, 0xFEEB, 0xFEEB, 0xFEEB, 0xFEEB,
    0xFEEB, 0xFEEB, 0xFEEB, 0xFEEB, 0xFF4B, 0xA488, 0x0821, 0x0821, 0x0821, 0x0821, 0x0821, 0x0821, 0x0821, 0x0821, 0x41A4, 0xFF0B,
    0xFEEB, 0xFEEB, 0xFEEB, 0xFEEB, 0xFEEA, 0xFF2B, 0x49E4, 0x0821, 0x0821, 0x0821, 0x0821, 0x3143, 0xF6AB, 0xFEEB, 0xFEEB, 0xFEEB,
    0xFEEB, 0xFECB, 0xFF4B, 0xA469, 0x0821, 0x0821, 0x0821, 0x0821, 0x0821, 0x0821, 0x0821, 0x0821, 0x0821, 0x0821, 0x0821, 0x0821,
    0x0821, 0x0821, 0x0821, 0x0821, 0x0821, 0x0821, 0x0821, 0x6285, 0xFF6B, 0xFECA, 0xFEEB, 0xFEEB, 0xFEEB, 0xFECA, 0xFF4B, 0xC569,
    0x0821, 0x0821, 0x0821, 0x49E4, 0xFF0C, 0xFEEB, 0xFF0A, 0xFEEC, 0xFEEA, 0xFEEA, 0xFF4C, 0x62A5, 0x0821, 0x0821, 0x1061, 0x2102,
    0x39A4, 0x5245, 0x93E7, 0xD5CA, 0xFF2C, 0xFF8B, 0xFF6B, 0xFF2B, 0xE66A, 0xB509, 0x5A65, 0x0821, 0x0821, 0x0821, 0x0821, 0x0821,
    0x0821, 0x0821, 0x0821, 0x0821, 0x0821, 0x0821, 0x0821, 0x0821, 0x0821, 0x1061, 0xDE0A, 0xFF8C, 0x6AE6, 0x0821, 0x0821, 0x0821,
    0x0821, 0x0821, 0x0821, 0x0821, 0x0821, 0x0821, 0x0821, 0x0821, 0x0841, 0x0821, 0x9407, 0xFF4B, 0xFF4B, 0xA488, 0x0821, 0x0841,
    0x0841, 0xCDA9, 0xFF0B, 0xFF4B, 0x7B66, 0x0821, 0x1061, 0xC549, 0xBD29, 0x0821, 0x0821, 0x0821, 0x9407, 0xFF4B, 0xFF2B, 0xACC8,
    0x0821, 0x0821, 0x0821, 0x0821, 0x0821, 0x0821, 0x0821, 0x0821, 0x0821, 0x0821, 0x0821, 0x41C4, 0xFF6C, 0xBD08, 0x0821, 0x0821,
    0x0821, 0x0821, 0x0821, 0x5A65, 0xFFED, 0x93E7, 0x0821, 0x0821, 0x0821, 0x0821, 0x0821, 0x0821, 0x0821, 0x0821, 0x0821, 0x0821,
    0x0821, 0x0821, 0x0821, 0x0821, 0x0821, 0x0821, 0x0821, 0x0821, 0x0821, 0x0821, 0x0821, 0x0821, 0x0821, 0x0821, 0x0821, 0x0821,
    0x0821, 0x0821, 0x7B87, 0xFF4C, 0xFECB, 0xFEEB, 0xFEEB, 0xFEEB, 0xFEEB, 0xFEEB, 0xFEEB, 0xFEEB, 0xFF0B, 0xE64A, 0x18A2, 0x0821,
    0x0821, 0x0821, 0x0821, 0x0821, 0x0821, 0x0821, 0x6AE5, 0xFF4C, 0xFECA, 0xFEEB, 0xFEEB, 0xFECA, 0xFF2B, 0xD5EA, 0x0841, 0x0821,
    0x0821, 0x0821, 0x0821, 0x9C28, 0xFF6B, 0xFECB, 0xFEEB, 0xFEEB, 0xFEEB, 0xFEEA, 0xFF0B, 0x41E4, 0x0821, 0x0821, 0x0821, 0x0821,
    0x0821, 0x0821, 0x0821, 0x0821, 0x0821, 0x0821, 0x0821, 0x0821, 0x0821, 0x0821, 0x0821, 0x0821, 0x0821, 0x0821, 0x1061, 0xCDAA,
    0xFF2B, 0xFECA, 0xFEEB, 0xFEEB, 0xFEEB, 0xFECB, 0xFF6B, 0x9C47, 0x0821, 0x0841, 0x0821, 0xACE9, 0xFF4B, 0xFECB, 0xFEEB, 0xFEEB,
    0xFEEB, 0xFEEC, 0xFEEB, 0xA467, 0x9C47, 0xBD29, 0xDE0A, 0xF6EA, 0xFF2C, 0xFFAC, 0xFFCC, 0xFF6C, 0xF6AB, 0xDE0A, 0xB4E8, 0x62C6,
    0x18C2, 0x0821, 0x0821, 0x0821, 0x0821, 0x0821, 0x0821, 0x0821, 0x0821, 0x0821, 0x0821, 0x0821, 0x0821, 0x0821, 0x0821, 0x0821,
    0x0821, 0x3983, 0xFF2B, 0xF6EB, 0x3163, 0x0821, 0x0821, 0x0821, 0x0821, 0x0821, 0x0821, 0x0821, 0x0821, 0x0821, 0x0821, 0x0821,
    0x0821, 0x0841, 0xD5CA, 0xFF2B, 0xFF4C, 0x62C5, 0x0821, 0x0821, 0x20E3, 0xF68A, 0xFF0A, 0xFF2C, 0x5224, 0x0821, 0xA488, 0xB4E9,
    0x0821, 0x0821, 0x0841, 0x0821, 0xB508, 0xFF2B, 0xFF4C, 0x8BC7, 0x0821, 0x0821, 0x0821, 0x0821, 0x0821, 0x0821, 0x0821, 0x0821,
    0x0821, 0x0821, 0x0821, 0x62C6, 0xFFCC, 0xA468, 0x0821, 0x0821, 0x0821, 0x0821, 0x0821, 0x9427, 0xFFCC, 0x7B46, 0x0821, 0x0821,
    0x0821, 0x0821, 0x0821, 0x0821, 0x0821, 0x0821, 0x0821, 0x0821, 0x0821, 0x0821, 0x0821, 0x0821, 0x0821, 0x0821, 0x0821, 0x0821,
    0x0821, 0x0821, 0x0821, 0x0821, 0x0821, 0x0821, 0x0821, 0x0821, 0x0821, 0x0821, 0x0841, 0xDDE9, 0xFF2B, 0xFEEA, 0xFEEB, 0xFEEB,
    0xFEEB, 0xFEEB, 0xFEEB, 0xFEEB, 0xFECB, 0xFF2B, 0x5245, 0x0821, 0x0821, 0x0821, 0x0821, 0x0821, 0x0821, 0x0821, 0xB4E8, 0xFF4B,
    0xFECB, 0xFEEB, 0xFEEB, 0xFECA, 0xFF4C, 0x83C7, 0x0821, 0x0821, 0x0821, 0x0821, 0x0841, 0xDDE9, 0xFF2B, 0xFECB, 0xFEEB, 0xFEEB,
    0xFEEB, 0xFF0B, 0xE64A, 0x1082, 0x0821, 0x0821, 0x0821, 0x0821, 0x0821, 0x0821, 0x0821, 0x0821, 0x0821, 0x0821, 0x0821, 0x0821,
    0x0821, 0x0821, 0x0821, 0x0821, 0x0821, 0x0821, 0x7306, 0xFF6C, 0xFECA, 0xFEEB, 0xFEEB, 0xFEEB, 0xFEEB, 0xFECB, 0xFF4B, 0x5A85,
    0x0821, 0x0821, 0x18A2, 0xE64A, 0xFF0B, 0xFEEA, 0xFEEB, 0xFEEA, 0xFEEA, 0xFEEB, 0xFF0A, 0xFF4B, 0xFF4B, 0xFF0B, 0xFECB, 0xEE6B,
    0xDDEA, 0xB508, 0x8BC7, 0x5A65, 0x2902, 0x1061, 0x0821, 0x0821, 0x0821, 0x0821, 0x0821, 0x0821, 0x0821, 0x0821, 0x0821, 0x0821,
    0x0821, 0x0821, 0x0821, 0x0821, 0x0821, 0x0821, 0x0821, 0x0821, 0x0821, 0x7B66, 0xFFCC, 0xB4E9, 0x0821, 0x0821, 0x0821, 0x0821,
    0x0821, 0x0821, 0x0821, 0x0821, 0x0821, 0x0821, 0x0821, 0x0821, 0x0821, 0x20E2, 0xF68B, 0xFF0B, 0xFF0B, 0x3983, 0x0821, 0x0821,
    0x5224, 0xFF2B, 0xFF0A, 0xEE8B, 0x0841, 0x7326, 0xBD29, 0x0821, 0x0821, 0x0821, 0x0821, 0x20E2, 0xEE6A, 0xFF0B, 0xFF2C, 0x41C4,
    0x0821, 0x0821, 0x0821, 0x0821, 0x0821, 0x0821, 0x0821, 0x0821, 0x0821, 0x0821, 0x0821, 0x9407, 0xFFEC, 0x7B66, 0x0821, 0x0821,
    0x0821, 0x0821, 0x0821, 0xBD29, 0xFFAC, 0x7326, 0x0821, 0x0821, 0x0821, 0x0821, 0x0821, 0x0821, 0x0821, 0x0821, 0x0821, 0x0821,
    0x0821, 0x0821, 0x0821, 0x0821, 0x0821, 0x0821, 0x0821, 0x0821, 0x0821, 0x0821, 0x0821, 0x0821, 0x0821, 0x0821, 0x0821, 0x0821,
    0x0821, 0x0821, 0x0821, 0x7346, 0xFF6C, 0xFECA, 0xFEEB, 0xFEEB, 0xFEEB, 0xFEEB, 0xFEEA, 0xFEEB, 0xFEEA, 0xFF4C, 0x7346, 0x0821,
    0x0821, 0x0821, 0x0821, 0x0821, 0x0821, 0x20E2, 0xF6AB, 0xFF0B, 0xFEEB, 0xFEEB, 0xFEEB, 0xFECA, 0xFF4C, 0x5A85, 0x0821, 0x0821,
    0x0821, 0x0821, 0x4A04, 0xFF0B, 0xFEEB, 0xFEEB, 0xFEEB, 0xFEEB, 0xFECB, 0xFF4B, 0xACC8, 0x0821, 0x0821, 0x0821, 0x0821, 0x0821,
    0x0821, 0x0821, 0x0821, 0x0821, 0x0821, 0x0821, 0x0821, 0x0821, 0x0821, 0x0821, 0x0821, 0x0821, 0x0821, 0x1082, 0xDDEA, 0xFF2B,
    0xFEEB, 0xFEEB, 0xFEEB, 0xFEEB, 0xFEEB, 0xFF2B, 0xE62A, 0x1081, 0x0821, 0x0821, 0x41A4, 0xFEEB, 0xFEEB, 0xFF0A, 0xFEEB, 0xFEEB,
    0xFECB, 0xFF4B, 0xB4E9, 0x3143, 0x3122, 0x2902, 0x20E2, 0x18A2, 0x0841, 0x0821, 0x0821, 0x0821, 0x0821, 0x0821, 0x0821, 0x0821,
    0x0821, 0x0821, 0x0821, 0x0821, 0x0821, 0x0821, 0x0821, 0x0821, 0x0821, 0x0821, 0x0821, 0x0821, 0x0821, 0x0821, 0x0821, 0x0821,
    0x0841, 0xCD89, 0xFFAC, 0x6AC5, 0x0821, 0x0821, 0x0821, 0x0821, 0x0821, 0x0821, 0x0821, 0x0821, 0x0821, 0x0821, 0x0821, 0x0821,
    0x0821, 0x62A5, 0xFF2B, 0xFF2B, 0xD5CA, 0x0841, 0x0821, 0x0821, 0xA467, 0xFF4C, 0xFF4B, 0x9C47, 0x3143, 0xCD68, 0x20C2, 0x0821,
    0x0821, 0x0821, 0x0821, 0x6AE6, 0xFF2C, 0xFF2B, 0xCDA9, 0x0841, 0x0821, 0x0821, 0x0821, 0x0821, 0x0821, 0x0821, 0x0821, 0x0821,
    0x0821, 0x0821, 0x0821, 0xBD29, 0xFFAC, 0x6AE6, 0x0821, 0x0821, 0x0821, 0x0821, 0x0841, 0xD5C9, 0xFF8C, 0x6B06, 0x0821, 0x0821,
    0x0821, 0x0821, 0x0821, 0x0821, 0x0821, 0x0821, 0x0821, 0x0821, 0x0821, 0x0821, 0x0821, 0x0821, 0x0821, 0x0821, 0x0821, 0x0821,
    0x0821, 0x0821, 0x0821, 0x0821, 0x0821, 0x0821, 0x0821, 0x0821, 0x0821, 0x0821, 0x0821, 0x18A2, 0xE64B, 0xFF0B, 0xFEEB, 0xFEEB,
    0xFEEB, 0xFEEB, 0xFEEB, 0xFEEB, 0xFEEA, 0xFF6C, 0x83A7, 0x0821, 0x0821, 0x0821, 0x0821, 0x0821, 0x0821, 0x7326, 0xFF6C, 0xFECA,
    0xFEEB, 0xFEEB, 0xFEEB, 0xFF0B, 0xF6AB, 0x2102, 0x0821, 0x0821, 0x0821, 0x0821, 0xAC88, 0xFF6C, 0xFECB, 0xFEEB, 0xFEEB, 0xFEEB,
    0xFECB, 0xFF4B, 0x62A5, 0x0821, 0x0821, 0x0821, 0x0821, 0x0821, 0x0821, 0x0821, 0x0821, 0x0821, 0x0821, 0x0821, 0x0821, 0x0821,
    0x0821, 0x0821, 0x0821, 0x0821, 0x0821, 0x8BC8, 0xFF6C, 0xFEEA, 0xFEEB, 0xFEEB, 0xFEEB, 0xFEEB, 0xFECB, 0xFF4B, 0xAC88, 0x0821,
    0x0841, 0x0821, 0x8387, 0xFF4B, 0xFECB, 0xFEEB, 0xFEEB, 0xFEEB, 0xFECB, 0xFF4B, 0x5A85, 0x0821, 0x0821, 0x0821, 0x0821, 0x0821,
    0x0821, 0x0821, 0x0821, 0x0821, 0x0821, 0x0821, 0x0821, 0x0821, 0x0821, 0x0821, 0x0821, 0x0821, 0x0821, 0x0821, 0x0821, 0x0821,
    0x0821, 0x0821, 0x0821, 0x0821, 0x0821, 0x0821, 0x0821, 0x0821, 0x3143, 0xF6CB, 0xFF0B, 0x39A4, 0x0821, 0x0821, 0x0821, 0x0821,
    0x0821, 0x0821, 0x0821, 0x0821, 0x0821, 0x0821, 0x0821, 0x0821, 0x0821, 0xB509, 0xFF2B, 0xFF4C, 0x8366, 0x0821, 0x0821, 0x18C2,
    0xEE4B, 0xFF0B, 0xFF2C, 0x5A44, 0xB4E8, 0x5244, 0x0821, 0x0821, 0x0821, 0x0821, 0x0821, 0xACA8, 0xFF2B, 0xFF4B, 0x9C48, 0x0821,
    0x0821, 0x0821, 0x0821, 0x0821, 0x0821, 0x0821, 0x0821, 0x0821, 0x0821, 0x0821, 0x0841, 0xDDEA, 0xFF6C, 0x5245, 0x0821, 0x0821,
    0x0821, 0x0821, 0x2923, 0xF6AA, 0xFF6C, 0x7306, 0x0821, 0x0821, 0x0821, 0x0821, 0x0821, 0x0821, 0x0821, 0x0821, 0x0821, 0x0821,
    0x0821, 0x0821, 0x0821, 0x0821, 0x0821, 0x0821, 0x0821, 0x0821, 0x0821, 0x0821, 0x0821, 0x0821, 0x0821, 0x0821, 0x0821, 0x0821,
    0x0821, 0x0821, 0x0821, 0x0821, 0xB4E9, 0xFF4B, 0xFECB, 0xFEEB, 0xFEEB, 0xFEEB, 0xFEEB, 0xFEEB, 0xFECB, 0xFF6B, 0x8BC7, 0x0821,
    0x0821, 0x0821, 0x0821, 0x0821, 0x0821, 0xACC8, 0xFF6B, 0xFECB, 0xFEEB, 0xFEEB, 0xFECB, 0xFF4B, 0xB4E9, 0x0821, 0x0821, 0x0821,
    0x0821, 0x0841, 0xD5CA, 0xFF2B, 0xFEEB, 0xFEEB, 0xFEEB, 0xFEEB, 0xFF0B, 0xF6AB, 0x20E2, 0x0821, 0x0821, 0x0821, 0x0821, 0x0821,
    0x0821, 0x0821, 0x0821, 0x0821, 0x0821, 0x0821, 0x0821, 0x0821, 0x0821, 0x0821, 0x0821, 0x0821, 0x39A3, 0xF6CB, 0xFF0A, 0xFECB,
    0xFEEB, 0xFEEB, 0xFEEB, 0xFEEB, 0xFECB, 0xFF6C, 0x7B66, 0x0821, 0x0841, 0x0821, 0xBD29, 0xFF4B, 0xFECB, 0xFEEB, 0xFEEB, 0xFEEB,
    0xFEEB, 0xFECB, 0x3163, 0x0821, 0x0841, 0x0821, 0x0821, 0x0821, 0x0821, 0x0821, 0x0821, 0x0821, 0x0821, 0x0821, 0x0821, 0x0821,
    0x0821, 0x0821, 0x0821, 0x0821, 0x0821, 0x0821, 0x0821, 0x0821, 0x0821, 0x0821, 0x0821, 0x0821, 0x0821, 0x0821, 0x0821, 0x0821,
    0x5245, 0xFF2B, 0xEE6A, 0x18A2, 0x0821, 0x0821, 0x0821, 0x0821, 0x0821, 0x0821, 0x0821, 0x0821, 0x0821, 0x0821, 0x0821, 0x0821,
    0x18C2, 0xEE6B, 0xFEEB, 0xFF0B, 0x49E4, 0x0821, 0x0821, 0x5245, 0xFF2C, 0xFF0A, 0xEE6A, 0xBD28, 0x8386, 0x0821, 0x0821, 0x0821,
    0x0821, 0x0821, 0x0841, 0xCDC9, 0xFF0C, 0xFF4B, 0x6AE6, 0x0821, 0x0821, 0x0821, 0x0821, 0x0821, 0x0821, 0x0821, 0x0821, 0x0821,
    0x0821, 0x0821, 0x2902, 0xF6CB, 0xFEEB, 0x2943, 0x0821, 0x0821, 0x0821, 0x0821, 0x62C5, 0xFF4B, 0xFF4B, 0x7B66, 0x0821, 0x0821,
    0x0821, 0x0821, 0x0821, 0x0821, 0x0821, 0x0821, 0x0821, 0x0821, 0x0821, 0x0821, 0x0821, 0x0821, 0x0821, 0x0821, 0x0821, 0x0821,
    0x0821, 0x0821, 0x0821, 0x0821, 0x0821, 0x0821, 0x0821, 0x0821, 0x0821, 0x0821, 0x0821, 0x0821, 0x9408, 0xFF6B, 0xFECA, 0xFEEB,
    0xFEEB, 0xFEEB, 0xFEEB, 0xFEEB, 0xFECB, 0xFF4B, 0x8387, 0x0821, 0x0821, 0x0821, 0x0821, 0x0821, 0x0841, 0xDE0A, 0xFF2B, 0xFECB,
    0xFEEB, 0xFEEB, 0xFECB, 0xFF4B, 0x6AE6, 0x0821, 0x0821, 0x0821, 0x0821, 0x20E2, 0xEE8B, 0xFF0A, 0xFEEB, 0xFEEB, 0xFEEB, 0xFECB,
    0xFF2B, 0xDDEA, 0x0841, 0x0821, 0x0821, 0x0821, 0x0821, 0x0821, 0x0821, 0x0821, 0x0821, 0x0821, 0x0821, 0x0821, 0x0821, 0x0821,
    0x0821, 0x0821, 0x0821, 0x0821, 0xC549, 0xFF6C, 0xAC88, 0xF6AB, 0xFF0B, 0xFEEB, 0xFEEB, 0xFEEB, 0xFEEB, 0xFEEC, 0x3983, 0x0821,
    0x0821, 0x1082, 0xE62B, 0xFF2A, 0xFEEA, 0xFEEB, 0xFEEB, 0xFEEB, 0xFF0B, 0xF6AB, 0x20E2, 0x0821, 0x0821, 0x0821, 0x0821, 0x0821,
    0x0821, 0x0821, 0x0821, 0x0821, 0x0821, 0x0821, 0x0821, 0x0821, 0x0821, 0x0821, 0x0821, 0x0821, 0x0821, 0x0821, 0x0821, 0x0821,
    0x0821, 0x0821, 0x0821, 0x0821, 0x0821, 0x0821, 0x0821, 0x0821, 0x6AE5, 0xFF8C, 0xBD09, 0x0821, 0x0821, 0x0821, 0x0821, 0x0821,
    0x0821, 0x0821, 0x0821, 0x0821, 0x0821, 0x0821, 0x0821, 0x0821, 0x41E4, 0xFF0B, 0xFF0B, 0xEE8B, 0x20C2, 0x0821, 0x0821, 0x8386,
    0xFF6C, 0xFECA, 0xFF0B, 0xCDAA, 0x1882, 0x0821, 0x0821, 0x0821, 0x0821, 0x0821, 0x39A4, 0xFEEB, 0xFF0B, 0xEE8A, 0x20E2, 0x0821,
    0x0821, 0x0821, 0x0821, 0x0821, 0x0821, 0x0821, 0x0821, 0x0821, 0x0821, 0x0821, 0x6AE6, 0xFFAC, 0xCD8A, 0x0841, 0x0821, 0x0821,
    0x0821, 0x0821, 0xA467, 0xFF4B, 0xFF4B, 0x8386, 0x0821, 0x0821, 0x0821, 0x0821, 0x0821, 0x0821, 0x0821, 0x0821, 0x0821, 0x0821,
    0x0821, 0x0821, 0x0821, 0x0821, 0x0821, 0x0821, 0x0821, 0x0821, 0x0821, 0x0821, 0x0821, 0x0821, 0x0821, 0x0821, 0x0821, 0x0821,
    0x0821, 0x0821, 0x0821, 0x0821, 0x8386, 0xFF6C, 0xFECB, 0xFEEB, 0xFEEB, 0xFEEB, 0xFEEB, 0xFEEB, 0xFECA, 0xFF6C, 0x7B46, 0x0821,
    0x0821, 0x0821, 0x0821, 0x0821, 0x49E4, 0xFF2B, 0xFEEA, 0xFEEB, 0xFEEB, 0xFEEB, 0xFEEB, 0xFF0B, 0x39A3, 0x0821, 0x0821, 0x0821,
    0x0821, 0x4A04, 0xFF2C, 0xFEEA, 0xFEEB, 0xFEEB, 0xFEEB, 0xFECB, 0xFF4B, 0xC569, 0x0821, 0x0821, 0x0821, 0x0821, 0x0821, 0x0821,
    0x0821, 0x0821, 0x0821, 0x0821, 0x0821, 0x0821, 0x0821, 0x0821, 0x0821, 0x0821, 0x0821, 0x7326, 0xFFCC, 0x9C28, 0x6AE6, 0xFF6B,
    0xFECB, 0xFEEB, 0xFEEB, 0xFECB, 0xFF2B, 0xCD89, 0x0821, 0x0821, 0x0821, 0x2103, 0xF68B, 0xFF0B, 0xFEEB, 0xFEEB, 0xFEEB, 0xFEEB,
    0xFF0B, 0xF6AB, 0x20E2, 0x0821, 0x0821, 0x0821, 0x0821, 0x0821, 0x0821, 0x0821, 0x0821, 0x0821, 0x0821, 0x0821, 0x0821, 0x0821,
    0x0821, 0x0821, 0x0821, 0x0821, 0x0821, 0x0821, 0x0821, 0x0821, 0x0821, 0x0821, 0x0821, 0x0821, 0x0821, 0x0821, 0x0821, 0x0821,
    0x9C28, 0xFFCC, 0x8386, 0x0821, 0x0821, 0x0821, 0x0821, 0x0821, 0x0821, 0x0821, 0x0821, 0x0821, 0x0821, 0x0821, 0x0821, 0x0821,
    0x8BC6, 0xFF4B, 0xFF2C, 0xACC8, 0x0821, 0x0821, 0x0821, 0xC529, 0xFF2B, 0xFECA, 0xFF4C, 0x49E5, 0x0821, 0x0821, 0x0821, 0x0821,
    0x0821, 0x0821, 0x8BC6, 0xFF4C, 0xFF4B, 0xACC9, 0x0821, 0x0821, 0x0821, 0x0821, 0x0821, 0x0821, 0x0821, 0x0821, 0x0821, 0x0821,
    0x0821, 0x0821, 0xBD28, 0xFFAC, 0x7B66, 0x0821, 0x0821, 0x0821, 0x0821, 0x0821, 0xCD89, 0xFF2B, 0xFF4B, 0xA468, 0x0821, 0x0821,
    0x0821, 0x0821, 0x0821, 0x0821, 0x0821, 0x0821, 0x0821, 0x0821, 0x0821, 0x0821, 0x0821, 0x0821, 0x0821, 0x0821, 0x0821, 0x0821,
    0x0821, 0x0821, 0x0821, 0x0821, 0x0821, 0x0821, 0x0821, 0x0821, 0x0821, 0x0821, 0x0821, 0x0821, 0x7B66, 0xFF6C, 0xFECB, 0xFEEB,
    0xFEEB, 0xFEEB, 0xFEEB, 0xFEEB, 0xFECA, 0xFF2B, 0x5245, 0x0821, 0x0821, 0x0821, 0x0821, 0x0821, 0x9C47, 0xFF6C, 0xFEEA, 0xFEEB,
    0xFEEB, 0xFEEA, 0xFF2B, 0xDE0A, 0x1061, 0x0821, 0x0821, 0x0821, 0x0821, 0x7B46, 0xFF6B, 0xFECB, 0xFEEA, 0xFEEB, 0xFEEB, 0xFECB,
    0xFF4B, 0xACA8, 0x0821, 0x0821, 0x0821, 0x0821, 0x0821, 0x0821, 0x0821, 0x0821, 0x0821, 0x0821, 0x0821, 0x0821, 0x0821, 0x0821,
    0x0821, 0x0821, 0x3984, 0xF70B, 0xE66B, 0x10A2, 0x9C47, 0xFF6C, 0xFEEB, 0xFEEB, 0xFEEB, 0xFECA, 0xFF6C, 0x8BC7, 0x0821, 0x0841,
    0x0821, 0x3143, 0xF6CB, 0xFF0B, 0xFEEB, 0xFEEB, 0xFEEB, 0xFEEB, 0xFF0B, 0xF6AA, 0x20E2, 0x0821, 0x0821, 0x0821, 0x0821, 0x0821,
    0x0821, 0x0821, 0x0821, 0x0821, 0x0821, 0x0821, 0x0821, 0x0821, 0x0821, 0x0821, 0x0821, 0x0821, 0x0821, 0x0821, 0x0821, 0x0821,
    0x0821, 0x0821, 0x0821, 0x0821, 0x0821, 0x0821, 0x0821, 0x0821, 0xBD29, 0xFF8C, 0x5244, 0x0821, 0x0821, 0x0821, 0x0821, 0x0821,
    0x0821, 0x0821, 0x0821, 0x0821, 0x0821, 0x0821, 0x0821, 0x1061, 0xD5EA, 0xFF2B, 0xFF2B, 0x5A85, 0x0821, 0x0821, 0x3143, 0xFECB,
    0xFEEA, 0xFF4B, 0xACC9, 0x0821, 0x0821, 0x0821, 0x0821, 0x0821, 0x0821, 0x1062, 0xD5CA, 0xFF0B, 0xFF6B, 0x7B66, 0x0821, 0x0821,
    0x0821, 0x0821, 0x0821, 0x0821, 0x0821, 0x0821, 0x0821, 0x0821, 0x0821, 0x18A2, 0xEE6A, 0xFF4C, 0x41C4, 0x0821, 0x0821, 0x0821,
    0x0821, 0x1082, 0xE62A, 0xFF0B, 0xFF2A, 0xD5EA, 0x0841, 0x0821, 0x0821, 0x0821, 0x0821, 0x0821, 0x0821, 0x0821, 0x0821, 0x0821,
    0x0821, 0x0821, 0x0821, 0x0821, 0x0821, 0x0821, 0x0821, 0x0821, 0x0821, 0x0821, 0x0821, 0x0821, 0x0821, 0x0821, 0x0821, 0x0821,
    0x0821, 0x0821, 0x0821, 0x0821, 0x8BA7, 0xFF6B, 0xFECB, 0xFEEB, 0xFEEB, 0xFEEB, 0xFEEB, 0xFEEB, 0xFF2B, 0xEE8B, 0x18C2, 0x0821,
    0x0821, 0x0821, 0x0821, 0x0821, 0xCD89, 0xFF4A, 0xFECB, 0xFEEB, 0xFEEB, 0xFEEA, 0xFF4B, 0x8BE7, 0x0821, 0x0821, 0x0821, 0x0821,
    0x0821, 0x9C27, 0xFF6B, 0xFECA, 0xFEEB, 0xFEEB, 0xFEEB, 0xFECA, 0xFF6B, 0x93E7, 0x0821, 0x0821, 0x0821, 0x0821, 0x0821, 0x0821,
    0x0821, 0x0821, 0x0821, 0x0821, 0x0821, 0x0821, 0x0821, 0x0821, 0x0821, 0x1062, 0xDE0A, 0xFF6C, 0x41C4, 0x1041, 0xEE4A, 0xFF0B,
    0xFEEA, 0xFEEB, 0xFEEB, 0xFECA, 0xFF4C, 0x5A65, 0x0821, 0x0841, 0x0821, 0x3163, 0xFEEB, 0xFEEB, 0xFEEB, 0xFEEB, 0xFEEB, 0xFEEB,
    0xFF0B, 0xF6AB, 0x2902, 0x0821, 0x0821, 0x0821, 0x0821, 0x0821, 0x0821, 0x0821, 0x0821, 0x0821, 0x0821, 0x0821, 0x0821, 0x0821,
    0x0821, 0x0821, 0x0821, 0x0821, 0x0821, 0x0821, 0x0821, 0x0821, 0x0821, 0x0821, 0x0821, 0x0821, 0x0821, 0x0821, 0x0821, 0x0821,
    0xDE0A, 0xFF2B, 0x3163, 0x0821, 0x0821, 0x0821, 0x0821, 0x0821, 0x0821, 0x0821, 0x0821, 0x0821, 0x0821, 0x0821, 0x0821, 0x3983,
    0xFEEB, 0xFF0A, 0xF6CB, 0x2923, 0x0821, 0x0821, 0x7306, 0xFF4C, 0xFECA, 0xFEEB, 0x3184, 0x0821, 0x0821, 0x0821, 0x0821, 0x0821,
    0x0821, 0x2943, 0xF6CB, 0xFEEA, 0xFF0B, 0x41E4, 0x0821, 0x0841, 0x0821, 0x0821, 0x0821, 0x0821, 0x0821, 0x0821, 0x0821, 0x0821,
    0x0821, 0x5A85, 0xFF8B, 0xDE0A, 0x1082, 0x0821, 0x0821, 0x0821, 0x0821, 0x3143, 0xFECB, 0xFF0A, 0xFECB, 0xFF0C, 0x41E4, 0x0821,
    0x0821, 0x0821, 0x0821, 0x0821, 0x0821, 0x0821, 0x0821, 0x0821, 0x0821, 0x0821, 0x0821, 0x0821, 0x0821, 0x0821, 0x0821, 0x0821,
    0x0821, 0x0821, 0x0821, 0x0821, 0x0821, 0x0821, 0x0821, 0x0821, 0x0821, 0x0821, 0x0821, 0x0821, 0x9C47, 0xFF6B, 0xFECB, 0xFEEB,
    0xFEEB, 0xFEEB, 0xFF0B, 0xFEEB, 0xFF4B, 0xACE8, 0x0821, 0x0821, 0x0821, 0x0821, 0x0821, 0x20E2, 0xF6AB, 0xFF0A, 0xFEEB, 0xFEEA,
    0xFEEB, 0xFEEB, 0xFF0C, 0x49E4, 0x0821, 0x0821, 0x0821, 0x0821, 0x0821, 0xB4E8, 0xFF4B, 0xFECB, 0xFEEB, 0xFEEB, 0xFEEB, 0xFECA,
    0xFF6B, 0x8366, 0x0821, 0x0821, 0x0821, 0x0821, 0x0821, 0x0821, 0x0821, 0x0821, 0x0821, 0x0821, 0x0821, 0x0821, 0x0821, 0x0821,
    0x0821, 0xA488, 0xFFCC, 0x7B46, 0x0821, 0x5A85, 0xFF4B, 0xFEEA, 0xFEEB, 0xFEEB, 0xFEEB, 0xFF0B, 0xEE8A, 0x18C2, 0x0821, 0x0821,
    0x0821, 0x3983, 0xFEEB, 0xFEEB, 0xFEEB, 0xFEEB, 0xFEEB, 0xFEEB, 0xFEEB, 0xFEEB, 0x3983, 0x0821, 0x0821, 0x0821, 0x0821, 0x0821,
    0x0821, 0x0821, 0x0821, 0x0821, 0x0821, 0x0821, 0x0821, 0x0821, 0x0821, 0x0821, 0x0821, 0x0821, 0x0821, 0x0821, 0x0821, 0x0821,
    0x0821, 0x0821, 0x0821, 0x0821, 0x0821, 0x0821, 0x0821, 0x0821, 0xEE6B, 0xF6AA, 0x18A2, 0x0821, 0x0821, 0x0821, 0x0821, 0x0821,
    0x0821, 0x0821, 0x0821, 0x0821, 0x0821, 0x0821, 0x0821, 0x62A5, 0xFF4B, 0xFF0B, 0xD5EA, 0x1061, 0x0821, 0x0821, 0xA447, 0xFF4B,
    0xFF0B, 0xCD8A, 0x0841, 0x0821, 0x0821, 0x0821, 0x0821, 0x0821, 0x0821, 0x5A85, 0xFF2B, 0xFF2B, 0xD5AA, 0x0841, 0x0821, 0x0821,
    0x0821, 0x0821, 0x0821, 0x0821, 0x0821, 0x0821, 0x0821, 0x0821, 0x0841, 0xCD6A, 0xFFAC, 0x7326, 0x0821, 0x0821, 0x0821, 0x0821,
    0x0821, 0x6AE6, 0xFF6B, 0xFECA, 0xFECB, 0xFF6C, 0x9407, 0x0821, 0x0821, 0x0821, 0x0821, 0x0821, 0x0821, 0x0821, 0x0821, 0x0821,
    0x0821, 0x0821, 0x0821, 0x0821, 0x0821, 0x0821, 0x0821, 0x0821, 0x0821, 0x0821, 0x0821, 0x0821, 0x0821, 0x0821, 0x0821, 0x0821,
    0x0821, 0x0821, 0x0821, 0x0821, 0xC549, 0xFF4B, 0xFECB, 0xFEEB, 0xFEEB, 0xFEEB, 0xFEEB, 0xFECA, 0xFF4C, 0x7306, 0x0821, 0x0821,
    0x0821, 0x0821, 0x0821, 0x7326, 0xFF6B, 0xFECB, 0xFEEB, 0xFF0A, 0xFECB, 0xFF0B, 0xEE8B, 0x20E3, 0x0821, 0x0821, 0x0821, 0x0821,
    0x0821, 0xBD29, 0xFF4B, 0xFECB, 0xFF0A, 0xFEEA, 0xFEEB, 0xFECA, 0xFF6C, 0x7B26, 0x0821, 0x0841, 0x0821, 0x0821, 0x0821, 0x0821,
    0x0821, 0x0821, 0x0821, 0x0821, 0x0821, 0x0821, 0x0841, 0x0821, 0x8367, 0xFFAC, 0xB4C8, 0x0821, 0x0821, 0x9C28, 0xFF4C, 0xF6EA,
    0xFEEB, 0xFEEA, 0xFECA, 0xFF4C, 0xACA7, 0x0821, 0x0821, 0x0821, 0x0821, 0x3143, 0xF6CB, 0xFEEB, 0xFEEB, 0xFEEB, 0xFEEB, 0xFEEB,
    0xFEEA, 0xFF4C, 0x62C6, 0x0821, 0x0821, 0x0821, 0x0821, 0x0821, 0x0821, 0x0821, 0x0821, 0x0821, 0x0821, 0x0821, 0x0821, 0x0821,
    0x0821, 0x0821, 0x0821, 0x0821, 0x0821, 0x0821, 0x0821, 0x0821, 0x0821, 0x0821, 0x0821, 0x0821, 0x0821, 0x0821, 0x0821, 0x0821,
    0xF68B, 0xEE6B, 0x1061, 0x0821, 0x0821, 0x0821, 0x0821, 0x0821, 0x0821, 0x0821, 0x0821, 0x0821, 0x0821, 0x0821, 0x0821, 0xB4C9,
    0xFF4B, 0xFF4B, 0x8BC7, 0x0821, 0x0821, 0x20E2, 0xEE6A, 0xFEEB, 0xFF4B, 0x6AE6, 0x0821, 0x0821, 0x0821, 0x0821, 0x0821, 0x0821,
    0x0821, 0xACA8, 0xFF2B, 0xFF4B, 0x83C7, 0x0821, 0x0821, 0x3163, 0x2923, 0x0821, 0x0821, 0x0821, 0x0821, 0x0821, 0x0821, 0x0821,
    0x3143, 0xFF0C, 0xF6EB, 0x20E2, 0x0821, 0x0821, 0x0821, 0x0821, 0x0821, 0xAC88, 0xFF6B, 0xFECB, 0xFEEB, 0xFF0B, 0xE64A, 0x20E2,
    0x0821, 0x0821, 0x0821, 0x0821, 0x0821, 0x0821, 0x0821, 0x0821, 0x0821, 0x0821, 0x0821, 0x0821, 0x0821, 0x0821, 0x0821, 0x0821,
    0x0821, 0x0821, 0x0821, 0x0821, 0x0821, 0x0821, 0x0821, 0x0821, 0x0821, 0x0821, 0x0821, 0x3163, 0xF6EB, 0xFEEB, 0xFEEB, 0xFEEB,
    0xFEEB, 0xFEEB, 0xFECB, 0xFF0A, 0xEE6B, 0x20E2, 0x0821, 0x0821, 0x0821, 0x0821, 0x0821, 0xBD29, 0xFF4B, 0xFEEB, 0xFEEB, 0xFEEB,
    0xFECB, 0xFF4B, 0xBD49, 0x0821, 0x0821, 0x0821, 0x0821, 0x0821, 0x0821, 0xBD09, 0xFF4B, 0xFECB, 0xFEEB, 0xFEEB, 0xFEEB, 0xFECA,
    0xFF6C, 0x8386, 0x0821, 0x0821, 0x0821, 0x0821, 0x0821, 0x0821, 0x0821, 0x0821, 0x0821, 0x0821, 0x0821, 0x0841, 0x0821, 0x5A85,
    0xFF8C, 0xDE2A, 0x1082, 0x0821, 0x0821, 0xCD6A, 0xFF2B, 0xFEEA, 0xFEEB, 0xFEEB, 0xFEEB, 0xFF6C, 0x6AE6, 0x0821, 0x0821, 0x0821,
    0x0821, 0x20E3, 0xF68B, 0xFF0B, 0xFEEB, 0xFEEB, 0xFEEB, 0xFEEB, 0xFECB, 0xFF4B, 0xB4C9, 0x0821, 0x0821, 0x0821, 0x0821, 0x0821,
    0x0821, 0x0821, 0x0821, 0x0821, 0x0821, 0x0821, 0x0821, 0x0821, 0x0821, 0x0821, 0x0821, 0x0821, 0x0821, 0x0821, 0x0821, 0x0821,
    0x0821, 0x0821, 0x0821, 0x0821, 0x0821, 0x0821, 0x0821, 0x0821, 0xF68B, 0xE64B, 0x1061, 0x0821, 0x0821, 0x0821, 0x0821, 0x0821,
    0x0821, 0x0821, 0x0821, 0x0821, 0x0821, 0x0821, 0x20E2, 0xF68B, 0xFF0A, 0xFEEB, 0x41C4, 0x0821, 0x0821, 0xBD08, 0xFF6B, 0xFEEB,
    0xF6AB, 0x2903, 0x0821, 0x0821, 0x0821, 0x0821, 0x0821, 0x0821, 0x18A2, 0xE68A, 0xFEEB, 0xFF2B, 0x62C5, 0x0821, 0x3183, 0xC58A,
    0x2923, 0x0821, 0x0821, 0x0821, 0x0821, 0x0821, 0x0821, 0x0821, 0x9C28, 0xFFAC, 0x9C48, 0x0821, 0x0821, 0x0821, 0x0821, 0x0821,
    0x0841, 0xD5CA, 0xFF2B, 0xFECB, 0xFEEB, 0xFEEA, 0xFF6B, 0x9407, 0x0821, 0x0841, 0x0821, 0x0821, 0x0821, 0x0821, 0x0821, 0x0821,
    0x0821, 0x0821, 0x0821, 0x0821, 0x0821, 0x0821, 0x0821, 0x0821, 0x0821, 0x0821, 0x0821, 0x0821, 0x0821, 0x0821, 0x0821, 0x0821,
    0x0821, 0x0821, 0x0821, 0x9C47, 0xFF6B, 0xFECB, 0xFEEB, 0xFEEB, 0xFEEB, 0xFEEB, 0xF6EB, 0xFF6C, 0x83A7, 0x0821, 0x0821, 0x0821,
    0x0821, 0x0821, 0x1061, 0xE62A, 0xFF0B, 0xFEEA, 0xFEEB, 0xFEEB, 0xFECB, 0xFF4C, 0x6B06, 0x0821, 0x0821, 0x0821, 0x0821, 0x0821,
    0x0821, 0xA448, 0xFF6B, 0xFEEA, 0xFEEB, 0xFEEB, 0xFEEB, 0xFECB, 0xFF4B, 0xA467, 0x0821, 0x0821, 0x0821, 0x0821, 0x0821, 0x0821,
    0x0821, 0x0821, 0x0821, 0x0821, 0x0841, 0x0821, 0x49E4, 0xF6EB, 0xEECB, 0x3163, 0x0821, 0x0821, 0x3143, 0xF6EB, 0xFEEA, 0xFEEB,
    0xFEEB, 0xFEEB, 0xFEEA, 0xFF0B, 0x41C4, 0x0821, 0x0821, 0x0821, 0x0821, 0x1061, 0xDDCA, 0xFF2B, 0xFEEB, 0xFEEB, 0xFF0B, 0xFEEB,
    0xFEEB, 0xFF0A, 0xEE6A, 0x18C2, 0x0821, 0x0821, 0x0821, 0x0821, 0x0821, 0x0821, 0x0821, 0x0821, 0x0821, 0x0821, 0x0821, 0x0821,
    0x0821, 0x0821, 0x0821, 0x0821, 0x0821, 0x0821, 0x0841, 0x0821, 0x3123, 0xCE0A, 0x8387, 0x0821, 0x0821, 0x0821, 0x0821, 0x0821,
    0xE64A, 0xE64A, 0x0841, 0x0821, 0x0821, 0x0821, 0x0821, 0x0821, 0x0821, 0x0821, 0x0821, 0x0821, 0x0821, 0x0821, 0x5244, 0xFF2B,
    0xFF0B, 0xE68A, 0x0841, 0x0821, 0xA467, 0xF6CA, 0xFECB, 0xFF2B, 0xD5CA, 0x0841, 0x0821, 0x0821, 0x0821, 0x0821, 0x0821, 0x0821,
    0x41C4, 0xFF0C, 0xFECB, 0xFF2B, 0x3163, 0x3142, 0xCDAA, 0x5224, 0x0821, 0x0821, 0x0821, 0x0821, 0x0821, 0x0821, 0x0821, 0x2923,
    0xFF0B, 0xF6EB, 0x20E2, 0x0821, 0x0821, 0x0821, 0x0821, 0x0821, 0x20E2, 0xEE8B, 0xFF0B, 0xFEEA, 0xFEEB, 0xFECB, 0xFEEB, 0xF6CB,
    0x4A04, 0x0821, 0x0841, 0x0821, 0x0821, 0x0821, 0x0821, 0x0821, 0x0821, 0x0821, 0x0821, 0x0821, 0x0821, 0x0821, 0x0821, 0x0821,
    0x0821, 0x0821, 0x0821, 0x0821, 0x0821, 0x0821, 0x0821, 0x0821, 0x0821, 0x0821, 0x2903, 0xEEAB, 0xFEEB, 0xFEEB, 0xFEEB, 0xFEEB,
    0xFEEB, 0xFECB, 0xFF0B, 0xE66A, 0x20E2, 0x0821, 0x0821, 0x0821, 0x0821, 0x0821, 0x41C4, 0xFF0B, 0xFEEB, 0xFEEB, 0xFEEB, 0xFEEB,
    0xFF0B, 0xFECB, 0x2923, 0x0821, 0x0821, 0x0821, 0x0821, 0x0821, 0x0821, 0xCD89, 0xFF2B, 0xFECB, 0xFEEB, 0xFEEA, 0xFEEB, 0xFECB,
    0xFF4B, 0xC569, 0x0821, 0x0821, 0x0821, 0x0821, 0x0821, 0x0821, 0x0821, 0x0821, 0x0821, 0x0821, 0x0821, 0x5245, 0xEECC, 0xFF0B,
    0x4A25, 0x0821, 0x0841, 0x0821, 0x8BA7, 0xFF6C, 0xFEEA, 0xFEEB, 0xFEEB, 0xFEEB, 0xFF2B, 0xDE0A, 0x1061, 0x0821, 0x0821, 0x0821,
    0x0821, 0x0821, 0xBD08, 0xFF2B, 0xF6EA, 0xFEEB, 0xFEEB, 0xFEEB, 0xFEEB, 0xFECA, 0xFF4B, 0x7B66, 0x0821, 0x0841, 0x0821, 0x0821,
    0x0821, 0x0821, 0x0821, 0x0821, 0x0821, 0x0821, 0x0821, 0x0821, 0x0821, 0x0821, 0x0821, 0x0821, 0x0821, 0x0821, 0x0821, 0x4A04,
    0xE68A, 0xFF8C, 0x7327, 0x0821, 0x0821, 0x0821, 0x0821, 0x0821, 0xDDEA, 0xEE6A, 0x0841, 0x0821, 0x0821, 0x0821, 0x0821, 0x0821,
    0x0821, 0x0821, 0x0821, 0x0821, 0x0821, 0x0821, 0x6AC5, 0xFF2B, 0xFECA, 0xF6AA, 0x93E7, 0xC549, 0x8386, 0xBD28, 0xFF2C, 0xFF4B,
    0x9407, 0x0821, 0x0821, 0x0821, 0x0821, 0x0821, 0x0821, 0x0821, 0x5245, 0xFF2B, 0xF6CA, 0xFF0A, 0xC569, 0xCDAA, 0x5A65, 0x0821,
    0x0821, 0x0821, 0x0821, 0x0821, 0x0821, 0x0821, 0x0821, 0x9C28, 0xFFAC, 0x8BC7, 0x0821, 0x0821, 0x0821, 0x0821, 0x0821, 0x0821,
    0x3983, 0xFEEB, 0xFEEB, 0xFEEB, 0xFEEB, 0xFEEB, 0xFECA, 0xFF2B, 0xE66A, 0x2923, 0x0821, 0x0821, 0x0821, 0x0821, 0x0821, 0x0821,
    0x0821, 0x0821, 0x0821, 0x0821, 0x0821, 0x0821, 0x0821, 0x0821, 0x0821, 0x0821, 0x0821, 0x0821, 0x0821, 0x0821, 0x0821, 0x0821,
    0x0821, 0x0821, 0xC569, 0xFF4B, 0xFECA, 0xFEEB, 0xFEEB, 0xFEEB, 0xFEEB, 0xFEEA, 0xFF6C, 0x5A64, 0x0821, 0x0821, 0x0821, 0x0821,
    0x0821, 0x0821, 0x9408, 0xFF6B, 0xFECA, 0xFEEB, 0xFEEB, 0xFEEA, 0xFF2B, 0xDE0A, 0x1062, 0x0821, 0x0821, 0x0821, 0x0821, 0x0821,
    0x9408, 0xFF6C, 0xFEEA, 0xFEEB, 0xFEEB, 0xFEEA, 0xFEEB, 0xFEEB, 0xFF0B, 0xEE6B, 0x18A2, 0x0821, 0x0821, 0x0821, 0x0821, 0x0821,
    0x0821, 0x0821, 0x0821, 0x0821, 0x62C5, 0xF70B, 0xFF4C, 0x6AE6, 0x0821, 0x0821, 0x0821, 0x0821, 0xBD08, 0xFF4A, 0xFECB, 0xFEEB,
    0xFEEA, 0xFECB, 0xFF4C, 0x9427, 0x0821, 0x0821, 0x0821, 0x0841, 0x0821, 0x5A85, 0xF6EB, 0xFF0B, 0xFEEB, 0xFEEA, 0xFEEB, 0xFEEB,
    0xFEEB, 0xFEEB, 0xFEEB, 0xF6EB, 0x3983, 0x0821, 0x0841, 0x0821, 0x0821, 0x0821, 0x0821, 0x0821, 0x0821, 0x0821, 0x0821, 0x0821,
    0x0821, 0x0821, 0x0821, 0x0821, 0x0821, 0x0841, 0x7346, 0xFF2B, 0xFF0B, 0x62A6, 0x0821, 0x0821, 0x0821, 0x0821, 0x0821, 0x0821,
    0xB509, 0xF6AB, 0x1061, 0x0821, 0x0821, 0x0821, 0x0821, 0x0821, 0x0821, 0x0821, 0x0821, 0x0821, 0x0821, 0x0821, 0x41E4, 0xFF4C,
    0xFF6B, 0xFF4C, 0xF6AC, 0x6AE6, 0x1082, 0xE64A, 0xF6CA, 0xEECB, 0x39A4, 0x0821, 0x0821, 0x0821, 0x0821, 0x0821, 0x0821, 0x0821,
    0x3983, 0xFF2B, 0xFF4B, 0xFF4B, 0xDE2B, 0x49E4, 0x0821, 0x0841, 0x0821, 0x0821, 0x0821, 0x0821, 0x0821, 0x0821, 0x39A4, 0xFF6C,
    0xDE0A, 0x1061, 0x0821, 0x0821, 0x0821, 0x0821, 0x0821, 0x0821, 0x7305, 0xFF4B, 0xFECB, 0xFEEB, 0xFEEB, 0xFEEB, 0xFF0A, 0xFEEA,
    0xFF2B, 0xDE2A, 0x2923, 0x0821, 0x0821, 0x0821, 0x0821, 0x0821, 0x0821, 0x0821, 0x0821, 0x0821, 0x0821, 0x0821, 0x0821, 0x0821,
    0x0821, 0x0821, 0x0821, 0x0821, 0x0821, 0x0821, 0x0821, 0x0821, 0x0821, 0x9C68, 0xFF4B, 0xFECB, 0xFEEB, 0xFEEB, 0xFEEB, 0xFEEB,
    0xFECA, 0xFF4C, 0x9C28, 0x0821, 0x0821, 0x0821, 0x0821, 0x0821, 0x0821, 0x0841, 0xD5CA, 0xFF2B, 0xFECB, 0xFEEB, 0xFEEB, 0xFECA,
    0xFF4B, 0xACA8, 0x0821, 0x0821, 0x0821, 0x0821, 0x0821, 0x8BA7, 0xFFCC, 0xD5CA, 0xEE6B, 0xFF0B, 0xFEEB, 0xFEEB, 0xFEEB, 0xFEEB,
    0xFECB, 0xFF4B, 0x8BE7, 0x0821, 0x0821, 0x0821, 0x0821, 0x0821, 0x0821, 0x0821, 0x1082, 0x8BE7, 0xFF2B, 0xFF4B, 0x7B46, 0x0821,
    0x0821, 0x0821, 0x0821, 0x0841, 0xDDEA, 0xFF2B, 0xFECB, 0xFEEB, 0xFF0A, 0xFECA, 0xFF4C, 0x5A84, 0x0821, 0x0841, 0x0821, 0x0821,
    0x5225, 0xFF2B, 0xF6CB, 0xEE6B, 0xFF0A, 0xFEEB, 0xFEEB, 0xFEEB, 0xFEEB, 0xFEEB, 0xFECB, 0xFF2B, 0xE62A, 0x41C4, 0x0821, 0x0821,
    0x0821, 0x0821, 0x0821, 0x0821, 0x0821, 0x0821, 0x0821, 0x0821, 0x0821, 0x0821, 0x0821, 0x0821, 0x3163, 0xB4E9, 0xFFCC, 0xE66B,
    0x4A05, 0x0821, 0x0841, 0x0821, 0x0821, 0x0821, 0x0821, 0x0821, 0x8BA7, 0xF6AB, 0x1061, 0x0821, 0x0821, 0x0821, 0x0821, 0x0821,
    0x0821, 0x0821, 0x0821, 0x0821, 0x0821, 0x0821, 0x0821, 0x62A5, 0xACC8, 0x8387, 0x1882, 0x0821, 0x1081, 0x2902, 0x20E2, 0x20C2,
    0x0821, 0x0821, 0x0821, 0x0821, 0x0821, 0x0821, 0x0821, 0x0821, 0x0821, 0x62A6, 0xACC8, 0x7346, 0x1061, 0x0821, 0x0821, 0x0821,
    0x0821, 0x0821, 0x0821, 0x0821, 0x0821, 0x1062, 0xC549, 0xFF6C, 0x4A05, 0x0821, 0x0821, 0x0821, 0x0821, 0x0821, 0x0821, 0x0821,
    0xACC8, 0xFF4C, 0xFECA, 0xFF0B, 0xFEEB, 0xFEEB, 0xFECB, 0xFEEA, 0xFECA, 0xFF2B, 0xE66B, 0x5225, 0x0821, 0x0821, 0x0821, 0x0821,
    0x0821, 0x0821, 0x0821, 0x0821, 0x0821, 0x0821, 0x0821, 0x0821, 0x0821, 0x0821, 0x0821, 0x0821, 0x0821, 0x0821, 0x0821, 0x1082,
    0x9C48, 0xFF6C, 0xFECB, 0xFF0B, 0xFEEB, 0xFEEB, 0xFEEB, 0xFECA, 0xFF6C, 0xACA9, 0x0821, 0x0821, 0x0821, 0x0821, 0x0821, 0x0821,
    0x0821, 0x20E2, 0xEE6A, 0xFF0B, 0xFEEB, 0xFEEB, 0xFEEB, 0xFECB, 0xFF6C, 0x8387, 0x0821, 0x0841, 0x0821, 0x1041, 0x8C07, 0xFFAC,
    0xDE0A, 0x2102, 0xC529, 0xFF4B, 0xFECB, 0xFEEB, 0xFEEB, 0xFEEB, 0xFEEB, 0xFEEB, 0xFF0B, 0x6AE6, 0x0821, 0x0821, 0x0821, 0x0821,
    0x1061, 0x4A24, 0xCDA9, 0xFF6B, 0xFF4C, 0x7326, 0x0821, 0x0841, 0x0821, 0x0821, 0x0821, 0x2902, 0xF6CB, 0xFEEB, 0xFEEB, 0xFEEA,
    0xFEEB, 0xFEEB, 0xFF2B, 0x41E4, 0x0821, 0x0821, 0x0821, 0x62A5, 0xFF0B, 0xFF2B, 0x5245, 0x5A85, 0xFF4B, 0xFECB, 0xFEEA, 0xFEEB,
    0xFEEB, 0xFEEB, 0xFEEB, 0xFEEB, 0xFF2A, 0xFEEC, 0x8387, 0x18A2, 0x0821, 0x0821, 0x0821, 0x0821, 0x0821, 0x0821, 0x0821, 0x0821,
    0x0821, 0x0821, 0x2923, 0x83A7, 0xF6CB, 0xFFAC, 0xCD8A, 0x3143, 0x0821, 0x0841, 0x0821, 0x0821, 0x0821, 0x0821, 0x0821, 0x0821,
    0x62A5, 0xFECC, 0x18C2, 0x0821, 0x0821, 0x0821, 0x0821, 0x0821, 0x0821, 0x0821, 0x0821, 0x0821, 0x0821, 0x0821, 0x0821, 0x0821,
    0x0821, 0x0821, 0x0821, 0x0821, 0x0821, 0x0821, 0x0821, 0x0821, 0x0821, 0x0821, 0x0821, 0x0821, 0x0821, 0x0821, 0x0821, 0x0821,
    0x0821, 0x0821, 0x0821, 0x0821, 0x0821, 0x0821, 0x0821, 0x0821, 0x0821, 0x0821, 0x0821, 0x0821, 0x0821, 0x8BC7, 0xFFCD, 0x8BE7,
    0x0821, 0x0821, 0x0821, 0x0821, 0x0821, 0x0821, 0x0821, 0x1081, 0xE62A, 0xFF0B, 0xFEEA, 0xFECB, 0xFF0B, 0xFF2A, 0xFF0B, 0xFECB,
    0xFECB, 0xFEEA, 0xFF0B, 0xFF2C, 0x9427, 0x2103, 0x0821, 0x0821, 0x0821, 0x0821, 0x0821, 0x0821, 0x0821, 0x0821, 0x0821, 0x0821,
    0x0821, 0x0821, 0x0821, 0x0821, 0x0821, 0x0821, 0x41C4, 0xCDAA, 0xFF6B, 0xFECA, 0xFF0B, 0xFEEA, 0xFEEB, 0xFECB, 0xFEEB, 0xFF4B,
    0xACA9, 0x0841, 0x0821, 0x0821, 0x0821, 0x0821, 0x0821, 0x0821, 0x0821, 0x3143, 0xFECB, 0xFEEB, 0xFEEB, 0xFEEB, 0xFEEB, 0xFEEB,
    0xFF4B, 0xACA8, 0x0821, 0x0821, 0x3143, 0xBD09, 0xFFCB, 0xD60A, 0x2903, 0x0821, 0x6AE6, 0xFF2B, 0xFEEA, 0xFEEB, 0xFEEB, 0xFEEB,
    0xFEEB, 0xFEEB, 0xFEEB, 0xFF4B, 0xC549, 0x7326, 0x6AC6, 0x8BC7, 0xDDEA, 0xFF2B, 0xFF2B, 0xFF2B, 0x7B87, 0x0821, 0x0821, 0x0821,
    0x0821, 0x0821, 0x0821, 0x41E4, 0xFF2B, 0xFEEB, 0xFEEA, 0xFEEA, 0xFEEB, 0xFEEB, 0xFF2B, 0x4A25, 0x0821, 0x18A2, 0x8BA7, 0xFF6B,
    0xF72B, 0x62A6, 0x0821, 0x0821, 0xB4E9, 0xFF6B, 0xFECA, 0xFEEB, 0xFEEB, 0xFEEB, 0xFEEB, 0xFEEB, 0xFEEB, 0xFEEB, 0xFF4B, 0xE64A,
    0x6B06, 0x3143, 0x1082, 0x0821, 0x0821, 0x0821, 0x1061, 0x2903, 0x49E4, 0xA448, 0xF6AA, 0xFF8B, 0xFF2C, 0x9C48, 0x1061, 0x0821,
    0x0821, 0x0821, 0x0821, 0x0821, 0x0821, 0x0821, 0x0821, 0x0821, 0x41C4, 0xFF2C, 0x41A4, 0x0821, 0x0821, 0x0821, 0x0821, 0x0821,
    0x0821, 0x0821, 0x0821, 0x0821, 0x0821, 0x0821, 0x0821, 0x0821, 0x0821, 0x0821, 0x0821, 0x0821, 0x0821, 0x0821, 0x0821, 0x0821,
    0x0821, 0x0821, 0x0821, 0x0821, 0x0821, 0x0821, 0x0821, 0x0821, 0x0821, 0x0821, 0x0821, 0x0821, 0x0821, 0x0821, 0x0821, 0x0821,
    0x0821, 0x0821, 0x0821, 0x0821, 0x41E4, 0xFF6C, 0xBD09, 0x0821, 0x0821, 0x0821, 0x0821, 0x0821, 0x0821, 0x0821, 0x0821, 0x41A4,
    0xFF0B, 0xFEEB, 0xFECA, 0xFF4B, 0xF6AA, 0xDE2A, 0xE66B, 0xFF0C, 0xFF4B, 0xFF0A, 0xFEEA, 0xFEEB, 0xFF4B, 0xEE8B, 0x8BE7, 0x2943,
    0x0841, 0x0821, 0x0821, 0x0821, 0x0821, 0x0821, 0x0821, 0x0821, 0x0821, 0x0821, 0x0821, 0x0821, 0x3163, 0xA488, 0xFF0B, 0xFF2B,
    0xFECA, 0xFEEB, 0xFEEA, 0xFEEB, 0xFECB, 0xFF2B, 0xFF2B, 0x8BE7, 0x0821, 0x0821, 0x0821, 0x0821, 0x0821, 0x0821, 0x0821, 0x0821,
    0x0821, 0x3163, 0xFECB, 0xFEEB, 0xFEEB, 0xFEEB, 0xFEEB, 0xFEEB, 0xFEEB, 0xFEEB, 0xC569, 0xBD29, 0xF6AA, 0xFF8C, 0xD5CA, 0x2903,
    0x0821, 0x0821, 0x0821, 0xD5CA, 0xFF2B, 0xFECA, 0xFEEB, 0xFEEB, 0xFEEB, 0xFEEB, 0xFEEB, 0xFEEA, 0xFF4B, 0xFF6C, 0xFF4C, 0xFF6C,
    0xFF2B, 0xFEEB, 0xFF2C, 0x7346, 0x0821, 0x0821, 0x0821, 0x0821, 0x0821, 0x0821, 0x0821, 0x5244, 0xFF2B, 0xFECB, 0xFEEB, 0xFEEB,
    0xFF0A, 0xFEEB, 0xFF0B, 0xDE0A, 0x9C28, 0xDDE9, 0xFF8C, 0xF6CB, 0x5A85, 0x0821, 0x0841, 0x0821, 0x20E2, 0xDE4A, 0xFF4B, 0xF6EB,
    0xFEEB, 0xFEEA, 0xFEEA, 0xFEEB, 0xFEEB, 0xFEEB, 0xFECB, 0xFF0B, 0xFF4C, 0xF6CB, 0xE629, 0xC56A, 0xB4C9, 0xBD49, 0xDE0A, 0xF6AB,
    0xFF0B, 0xFF6B, 0xFF6B, 0xDE4B, 0x5265, 0x0821, 0x0821, 0x0821, 0x0821, 0x0821, 0x0821, 0x0821, 0x0821, 0x0821, 0x0821, 0x0821,
    0x18C2, 0xF6EB, 0x6AE5, 0x0821, 0x0821, 0x0821, 0x0821, 0x0821, 0x0821, 0x0821, 0x0821, 0x0821, 0x0821, 0x0821, 0x0821, 0x0821,
    0x0821, 0x0821, 0x0821, 0x0821, 0x0821, 0x0821, 0x0821, 0x0821, 0x0821, 0x0821, 0x0821, 0x0821, 0x0821, 0x0821, 0x0821, 0x0821,
    0x0821, 0x0821, 0x0821, 0x0821, 0x0821, 0x0821, 0x0821, 0x0821, 0x0821, 0x0821, 0x0821, 0x18C2, 0xF6AB, 0xCD8A, 0x18A2, 0x0821,
    0x0821, 0x0821, 0x0821, 0x0821, 0x0821, 0x0821, 0x0821, 0x62C5, 0xFF4C, 0xFECA, 0xFF4B, 0x9C28, 0x2923, 0x1082, 0x18C2, 0x41C4,
    0xA488, 0xF6AB, 0xFF4C, 0xFF2B, 0xFECB, 0xFF0A, 0xFF4B, 0xF6AB, 0xD5CA, 0x8BE7, 0x49E4, 0x20E2, 0x1882, 0x1081, 0x1061, 0x1082,
    0x18A2, 0x41C4, 0x8387, 0xCD89, 0xFECB, 0xFF4C, 0xFEEA, 0xFEEA, 0xFEEB, 0xFECB, 0xFECA, 0xFEEB, 0xFF4B, 0xDDEA, 0x4A04, 0x0821,
    0x0821, 0x0821, 0x0821, 0x0821, 0x0821, 0x0821, 0x0821, 0x0821, 0x0821, 0x3143, 0xF6CA, 0xFEEB, 0xFEEB, 0xFEEB, 0xFEEB, 0xFEEB,
    0xFEEB, 0xFEEA, 0xFF2B, 0xFF4B, 0xFF6C, 0xB4E9, 0x18A2, 0x0821, 0x0821, 0x0821, 0x0821, 0x5A85, 0xFF2B, 0xFEEA, 0xFEEB, 0xFEEB,
    0xFEEB, 0xFEEB, 0xFEEB, 0xFEEB, 0xFECB, 0xFEEA, 0xFECB, 0xFEAA, 0xFF2A, 0xF6EB, 0x5A65, 0x0821, 0x0821, 0x0821, 0x0821, 0x0821,
    0x0821, 0x0821, 0x0821, 0x39A3, 0xFF2B, 0xFEEA, 0xFEEB, 0xFEEB, 0xFEEB, 0xFEEB, 0xFEEB, 0xFF0B, 0xFF4B, 0xFF8C, 0xDDEA, 0x3984,
    0x0821, 0x0821, 0x0821, 0x0821, 0x0821, 0x3163, 0xE66A, 0xFF4C, 0xFECA, 0xFEEB, 0xFEEB, 0xFEEB, 0xFEEB, 0xFEEB, 0xFEEB, 0xFEEA,
    0xFEEA, 0xFF0B, 0xFF2B, 0xFF2B, 0xFF4B, 0xFF4B, 0xFF0B, 0xFF0B, 0xFF4B, 0xF6EB, 0x9408, 0x18A2, 0x0821, 0x0821, 0x0821, 0x0821,
    0x0821, 0x0821, 0x0821, 0x0821, 0x0821, 0x0821, 0x0821, 0x0821, 0x0821, 0xBD29, 0xB4E9, 0x0821, 0x0821, 0x0821, 0x0821, 0x0821,
    0x0821, 0x0821, 0x0821, 0x0821, 0x0821, 0x0821, 0x0821, 0x0821, 0x0821, 0x0821, 0x0821, 0x0821, 0x0821, 0x0821, 0x0821, 0x0821,
    0x0821, 0x0821, 0x0821, 0x0821, 0x0821, 0x0821, 0x0821, 0x0821, 0x0821, 0x0821, 0x0821, 0x0821, 0x0821, 0x0821, 0x0821, 0x0821,
    0x0821, 0x0821, 0x0841, 0xD60A, 0xDE0A, 0x18A2, 0x0821, 0x0821, 0x0821, 0x0821, 0x0821, 0x0821, 0x0821, 0x0821, 0x0821, 0x83A6,
    0xFF4B, 0xFF2B, 0x7B87, 0x0821, 0x0821, 0x0821, 0x0821, 0x0821, 0x0821, 0x20E3, 0x6AE6, 0xD5CA, 0xFF2B, 0xFF4B, 0xFEEA, 0xFEEA,
    0xFF0B, 0xFF4B, 0xFF2B, 0xEE8B, 0xE64A, 0xDE2A, 0xDE0A, 0xE60A, 0xEE4A, 0xFF0B, 0xFF6C, 0xFF2B, 0xFF0A, 0xFECB, 0xFECB, 0xFECB,
    0xFEEA, 0xFF4B, 0xFF6B, 0xEEAB, 0x7B67, 0x1882, 0x0821, 0x0821, 0x0821, 0x0821, 0x0821, 0x0821, 0x0821, 0x0821, 0x0821, 0x0821,
    0x0821, 0x1082, 0xE66B, 0xFF0B, 0xFECA, 0xFEEB, 0xFEEB, 0xFEEA, 0xFEEA, 0xFECB, 0xFF2B, 0xF6EB, 0x7B67, 0x0841, 0x0821, 0x0821,
    0x0821, 0x0821, 0x0821, 0x0821, 0x9428, 0xFF8C, 0xFECA, 0xFECB, 0xFEEB, 0xFEEB, 0xFEEB, 0xFEEB, 0xFECB, 0xFECB, 0xFF0B, 0xFF6B,
    0xCD8A, 0x3163, 0x0821, 0x0821, 0x0821, 0x0821, 0x0821, 0x0821, 0x0821, 0x0821, 0x0821, 0x0841, 0xDE0A, 0xFF0B, 0xFECB, 0xFEEB,
    0xFEEB, 0xFEEB, 0xFECB, 0xFF0B, 0xFF4B, 0xA488, 0x18C2, 0x0821, 0x0821, 0x0821, 0x0821, 0x0821, 0x0821, 0x0821, 0x2903, 0xC5A9,
    0xFF8C, 0xFF0B, 0xFEEA, 0xFECB, 0xFEEA, 0xFEEB, 0xFEEB, 0xFEEB, 0xFECB, 0xFECB, 0xFECB, 0xF6CA, 0xFECA, 0xFF0C, 0xFF4C, 0xF6CB,
    0xA488, 0x3163, 0x0821, 0x0821, 0x0821, 0x0821, 0x0821, 0x0821, 0x0821, 0x0821, 0x0821, 0x0821, 0x0821, 0x0821, 0x0821, 0x0821,
    0x0821, 0x62A5, 0xEE6B, 0x1061, 0x0821, 0x0821, 0x0821, 0x0821, 0x0821, 0x0821, 0x0821, 0x0821, 0x0821, 0x0821, 0x0821, 0x0821,
    0x0821, 0x0821, 0x0821, 0x0821, 0x0821, 0x0821, 0x0821, 0x0821, 0x0821, 0x0821, 0x0821, 0x0821, 0x0821, 0x0821, 0x0821, 0x0821,
    0x0821, 0x0821, 0x0821, 0x0821, 0x0821, 0x0821, 0x0821, 0x0821, 0x0821, 0x0821, 0xCD8A, 0xD5CA, 0x18C2, 0x0821, 0x0821, 0x0821,
    0x0821, 0x0821, 0x0821, 0x0821, 0x0821, 0x0821, 0x0821, 0xACC8, 0xFFAC, 0xB4E9, 0x0821, 0x0821, 0x0821, 0x0821, 0x0821, 0x0821,
    0x0821, 0x0821, 0x0821, 0x1062, 0x4A04, 0x9C28, 0xEE8B, 0xFF4B, 0xFF4B, 0xFF2B, 0xFF0B, 0xFF0B, 0xFF0A, 0xFF0B, 0xFF0B, 0xFF0B,
    0xFF0B, 0xFECB, 0xF6CA, 0xFECB, 0xFF0B, 0xFF4B, 0xFF6B, 0xFF4B, 0xFF0B, 0xCDAA, 0x6B05, 0x2102, 0x0821, 0x0821, 0x0821, 0x0821,
    0x0821, 0x0821, 0x0821, 0x0821, 0x0821, 0x0821, 0x0821, 0x0821, 0x0821, 0x0821, 0x7327, 0xFF8C, 0xFF0B, 0xFEEB, 0xFF0B, 0xFF2B,
    0xFF6B, 0xFF2C, 0xB4E8, 0x3983, 0x0821, 0x0821, 0x0821, 0x0821, 0x0821, 0x0821, 0x0821, 0x0821, 0x0841, 0x8BE7, 0xFF4B, 0xFF4B,
    0xFF0B, 0xFF0B, 0xFF0B, 0xFF0B, 0xFF4B, 0xFF6B, 0xE64B, 0x6B06, 0x1062, 0x0821, 0x0821, 0x0821, 0x0821, 0x0821, 0x0821, 0x0821,
    0x0821, 0x0821, 0x0821, 0x0821, 0x6AC6, 0xFF8C, 0xFF2A, 0xFEEB, 0xFF0B, 0xFF4B, 0xFF6C, 0xDE0A, 0x5A85, 0x0821, 0x0821, 0x0821,
    0x0821, 0x0821, 0x0821, 0x0821, 0x0821, 0x0821, 0x0821, 0x1062, 0x8387, 0xEE8B, 0xFF6C, 0xFF4B, 0xFF2B, 0xFF0B, 0xFF0B, 0xFF0B,
    0xFF0B, 0xFF2B, 0xFF4B, 0xFF6B, 0xFF4B, 0xDE0A, 0x7B66, 0x3143, 0x0821, 0x0821, 0x0821, 0x0821, 0x0821, 0x0821, 0x0821, 0x0821,
    0x0821, 0x0821, 0x0821, 0x0821, 0x0821, 0x0821, 0x0821, 0x0821, 0x0821, 0x2902, 0xFEEC, 0x3163, 0x0821, 0x0821, 0x0821, 0x0821,
    0x0821, 0x0821, 0x0821, 0x0821, 0x0821, 0x0821, 0x0821, 0x0821, 0x0821, 0x0821, 0x0821, 0x0821, 0x0821, 0x0821, 0x0821, 0x0821,
    0x0821, 0x0821, 0x0821, 0x0821, 0x0821, 0x0821, 0x0821, 0x0821, 0x0821, 0x0821, 0x0821, 0x0821, 0x0821, 0x0821, 0x0821, 0x0821,
    0x0841, 0xC569, 0xBD29, 0x1082, 0x0821, 0x0821, 0x0821, 0x0821, 0x0821, 0x0821, 0x0821, 0x0821, 0x0821, 0x0821, 0x18C2, 0xF6CB,
    0xF6EB, 0x20E2, 0x0821, 0x0821, 0x0821, 0x0821, 0x0821, 0x0821, 0x0821, 0x0821, 0x0821, 0x0821, 0x0821, 0x0821, 0x20E2, 0x5A65,
    0x83A7, 0xC549, 0xEE6B, 0xFF0B, 0xFF4B, 0xFF6B, 0xFF4C, 0xFF6B, 0xFF6C, 0xFF4B, 0xFF6B, 0xFF0C, 0xEE6B, 0xD5C9, 0x9C47, 0x6AE6,
    0x41E4, 0x0841, 0x0821, 0x0821, 0x0821, 0x0821, 0x0821, 0x0821, 0x0821, 0x0821, 0x0821, 0x0821, 0x0821, 0x0821, 0x0821, 0x0821,
    0x0821, 0x0821, 0x0821, 0x7306, 0xDE2B, 0xF6CA, 0xF6AB, 0xDE0A, 0x8BE7, 0x41E4, 0x0821, 0x0821, 0x0821, 0x0821, 0x0821, 0x0821,
    0x0821, 0x0821, 0x0821, 0x0821, 0x0821, 0x0821, 0x41E4, 0xA488, 0xE66B, 0xF6AB, 0xF6AB, 0xEE6A, 0xACC8, 0x62A6, 0x20E2, 0x0821,
    0x0821, 0x0821, 0x0821, 0x0821, 0x0821, 0x0821, 0x0821, 0x0821, 0x0821, 0x0821, 0x0821, 0x0821, 0x0821, 0x62C5, 0xD60A, 0xF6AB,
    0xEEAA, 0xBD49, 0x62C6, 0x1082, 0x0821, 0x0821, 0x0821, 0x0821, 0x0821, 0x0821, 0x0821, 0x0821, 0x0821, 0x0821, 0x0821, 0x0821,
    0x0821, 0x20E3, 0x62C6, 0xACA8, 0xDE2B, 0xF6AA, 0xF6AB, 0xF6AB, 0xF6AA, 0xDE09, 0xACC8, 0x7326, 0x4A04, 0x1082, 0x0821, 0x0821,
    0x0821, 0x0821, 0x0821, 0x0821, 0x0821, 0x0821, 0x0821, 0x0821, 0x0821, 0x0821, 0x0821, 0x0821, 0x0821, 0x0821, 0x0821, 0x0821,
    0x0821, 0x0821, 0xC549, 0x7325, 0x0821, 0x0821, 0x0821, 0x0821, 0x0821, 0x0821, 0x0821, 0x0821, 0x0821, 0x0821, 0x0821, 0x0821,
    0x0821, 0x0821, 0x0821, 0x0821, 0x0821, 0x0821, 0x0821, 0x0821, 0x0821, 0x0821, 0x0821, 0x0821, 0x0821, 0x0821, 0x0821, 0x0821,
    0x0821, 0x0821, 0x0821, 0x0821, 0x0821, 0x0821, 0x0821, 0x2923, 0xBD09, 0x9407, 0x0821, 0x0821, 0x0821, 0x0821, 0x0821, 0x0821,
    0x0821, 0x0821, 0x0821, 0x0821, 0x0821, 0x0821, 0x1082, 0x6284, 0x41C3, 0x0821, 0x0821, 0x0821, 0x0821, 0x0821, 0x0821, 0x0821,
    0x0821, 0x0821, 0x0821, 0x0821, 0x0821, 0x0821, 0x0821, 0x0821, 0x0821, 0x0821, 0x18A2, 0x3983, 0x5244, 0x62A5, 0x62C5, 0x62C5,
    0x62A5, 0x5A64, 0x5244, 0x39A3, 0x18C2, 0x0821, 0x0821, 0x0821, 0x0821, 0x0821, 0x0821, 0x0821, 0x0821, 0x0821, 0x0821, 0x0821,
    0x0821, 0x0821, 0x0821, 0x0821, 0x0821, 0x0821, 0x0821, 0x0821, 0x0821, 0x0821, 0x0821, 0x0821, 0x1061, 0x2102, 0x20E2, 0x1061,
    0x0821, 0x0821, 0x0821, 0x0821, 0x0821, 0x0821, 0x0821, 0x0821, 0x0821, 0x0821, 0x0821, 0x0821, 0x0821, 0x0821, 0x0821, 0x0821,
    0x10A2, 0x20E2, 0x20E2, 0x1082, 0x0821, 0x0821, 0x0821, 0x0821, 0x0821, 0x0821, 0x0821, 0x0821, 0x0821, 0x0821, 0x0821, 0x0821,
    0x0821, 0x0821, 0x0821, 0x0821, 0x0821, 0x0821, 0x0841, 0x2102, 0x18C2, 0x0821, 0x0821, 0x0821, 0x0821, 0x0821, 0x0821, 0x0821,
    0x0821, 0x0821, 0x0821, 0x0821, 0x0821, 0x0821, 0x0821, 0x0821, 0x0821, 0x0821, 0x0821, 0x0821, 0x1062, 0x20E2, 0x2903, 0x20E3,
    0x18C2, 0x1061, 0x0821, 0x0821, 0x0821, 0x0821, 0x0821, 0x0821, 0x0821, 0x0821, 0x0821, 0x0821, 0x0821, 0x0821, 0x0821, 0x0821,
    0x0821, 0x0821, 0x0821, 0x0821, 0x0821, 0x0821, 0x0821, 0x0821, 0x0821, 0x0821, 0x41C4, 0x6B06, 0x0821, 0x0821, 0x0821, 0x0821,
    0x0821, 0x0821, 0x0821, 0x0821, 0x0821, 0x0821, 0x0821, 0x0821, 0x0821, 0x0821, 0x0821, 0x0821, 0x0821, 0x0821, 0x0821, 0x0821,
    0x0821, 0x0821, 0x0821, 0x0821, 0x0821, 0x0821, 0x0821, 0x0821, 0x0821, 0x0821, 0x0821, 0x0821, 0x0821, 0x0821, 0x0821, 0x7326,
    0x6B05, 0x0821, 0x0821, 0x0821, 0x0821, 0x0821, 0x0821, 0x0821, 0x0821, 0x0821, 0x0821, 0x0821, 0x0821, 0x0821, 0x0821, 0x0821,
    0x0821, 0x0821, 0x0821, 0x0821, 0x0821, 0x0821, 0x0821, 0x0821, 0x0821, 0x0821, 0x0821, 0x0821, 0x0821, 0x0821, 0x0821, 0x0821,
    0x0821, 0x0821, 0x0821, 0x0821, 0x0821, 0x0821, 0x0821, 0x0821, 0x0821, 0x0821, 0x0821, 0x0821, 0x0821, 0x0821, 0x0821, 0x0821,
    0x0821, 0x0821, 0x0821, 0x0821, 0x0821, 0x0821, 0x0821, 0x0821, 0x0821, 0x0821, 0x0821, 0x0821, 0x0821, 0x0821, 0x0821, 0x0821,
    0x0821, 0x0821, 0x0821, 0x0821, 0x0821, 0x0821, 0x0821, 0x0821, 0x0821, 0x0821, 0x0821, 0x0821, 0x0821, 0x0821, 0x0821, 0x0821,
    0x0821, 0x0821, 0x0821, 0x0821, 0x0821, 0x0821, 0x0821, 0x0821, 0x0821, 0x0821, 0x0821, 0x0821, 0x0821, 0x0821, 0x0821, 0x0821,
    0x0821, 0x0821, 0x0821, 0x0821, 0x0821, 0x0821, 0x0821, 0x0821, 0x0821, 0x0821, 0x0821, 0x0821, 0x0821, 0x0821, 0x0821, 0x0821,
    0x0821, 0x0821, 0x0821, 0x0821, 0x0821, 0x0821, 0x0821, 0x0821, 0x0821, 0x0821, 0x0821, 0x0821, 0x0821, 0x0821, 0x0821, 0x0821,
    0x0821, 0x0821, 0x0821, 0x0821, 0x0821, 0x0821, 0x0821, 0x0821, 0x0821, 0x0821, 0x0821, 0x0821, 0x0821, 0x0821, 0x0821, 0x0821,
    0x0821, 0x0821, 0x0821, 0x0821, 0x0821, 0x0821, 0x0821, 0x0821, 0x0821, 0x0821, 0x0821, 0x0821, 0x0821, 0x0821, 0x0821, 0x0821
};
